temperature,vibration,pressure,humidity,rotation_speed,voltage,current,oil_level,load,motor_temperature,gearbox_temperature,sound_level,fan_speed,reactive_power,active_power,machine_failure
74.62783285,0.457069778,29.8147074,29.62205995,1445.236474,220.291905,5.412051448,68.8611451,91.57244548,64.18495577,66.949728,73.9574991,1060.851978,46.8163472,98.76688401,0
68.92905694,0.302453343,32.00622497,42.37583873,1551.815145,219.9081765,4.293637121,73.53795911,96.62931447,61.80957135,58.42900235,77.74082165,1213.723417,57.571238,97.97031657,1
70.1753827,0.705620713,31.71617233,41.26284423,1517.518511,229.6390693,4.592800906,68.36732074,88.30498134,55.11030582,64.79897633,65.03665633,1164.201639,45.01469836,95.59674315,0
74.9819873,0.595312505,25.03533769,41.21441007,1528.242118,235.9040357,4.372919507,71.19085653,77.74648515,54.03513314,69.7210742,76.92815146,1240.726773,52.13491842,83.4604044,0
81.52739404,0.501035262,31.99777276,38.19268617,1479.534576,213.4331065,5.550665082,64.41036196,88.6392355,59.35163474,61.73128985,74.53949791,1180.630913,53.41244605,108.0984606,0
73.45413938,0.341586406,24.671261,42.56807232,1420.205302,221.3674665,4.93673371,67.22356949,59.85936726,53.44228017,61.69579402,73.31351297,1112.244898,49.8234157,93.38512115,0
66.44915804,0.474045332,28.48275989,48.51586305,1525.899739,237.221551,5.543190356,77.19084601,81.92004237,61.18865864,55.10807542,71.99009451,1189.357006,46.66868307,109.9029955,0
74.34928473,0.48130287,26.6995373,51.60020361,1483.172371,225.4028794,4.946954682,60.95366143,75.07081725,54.50906808,75.30211349,72.60754351,1187.734626,45.71749021,113.8784597,0
76.91204873,0.50928449,26.49666135,33.14128435,1492.917571,198.7605242,4.574557955,68.02358226,77.12890495,53.74321909,67.95785509,73.4208274,1190.906997,50.09059239,104.7319658,0
78.12833674,0.517989415,29.42988289,44.89211056,1513.917432,222.1865931,5.482077942,71.57222295,47.58486175,59.52425938,57.90307822,64.8732627,1200.026968,51.22638466,101.9199379,0
78.54501879,0.564521559,26.83032707,43.84419838,1515.452372,206.2448911,4.828925674,73.67634655,77.71527456,58.82746232,66.45829467,72.02995886,1279.93238,50.40571916,99.62085322,0
76.0146151,0.486569126,28.40635712,37.74025314,1476.210228,232.434058,4.587083613,80.27096921,82.9593324,63.02702252,64.25182028,76.26408076,1281.997834,56.4017601,94.15506567,0
75.23699336,0.340529693,29.11473026,47.97221196,1468.120623,245.009005,5.410149187,64.62131676,87.09932748,57.66130658,58.9326832,79.18530572,1123.330396,54.519457,84.91390546,0
75.98260585,0.552112243,28.41306688,40.24654166,1493.832797,220.3488795,5.249441597,66.09928059,82.56783257,63.44247987,61.25954509,71.39198548,1153.10233,52.08729516,102.8726793,0
81.77818929,0.420080799,26.43100002,40.00341409,1565.584672,229.703162,5.210858467,65.75447575,84.19050735,58.10187752,59.070392,75.30496728,1182.656801,56.73839043,105.0680259,0
70.80139079,0.567792587,27.10872322,50.82528034,1507.856396,214.1358485,6.028905589,74.65832983,81.01788334,59.98880942,76.74554279,76.43654272,1196.135738,54.1347303,98.94475061,0
78.77695613,0.487825249,30.98363857,42.37715341,1454.359454,204.8103022,4.6481448,72.34270081,82.31730942,53.26607169,69.8306983,79.59903763,1197.053682,42.42442532,104.0226234,0
72.1209088,0.544460267,29.37205854,38.90673361,1519.368574,221.247521,4.668281921,73.1067337,74.34062869,59.52865465,69.74648249,75.36818672,1238.375454,52.26248228,98.20797346,0
72.76742524,0.510537551,25.20562694,37.95156704,1519.789942,213.6459012,5.541499969,70.79046949,86.04051645,55.30217416,60.81902575,74.51864987,1222.651983,45.67395473,114.2027109,0
80.71411407,0.520109905,22.31299902,45.24353563,1477.260264,204.1757203,5.27598213,65.79753507,77.67726497,59.58414114,61.23441335,78.27887733,1162.040823,41.72744803,92.11690735,1
82.69018283,0.547704083,33.70839217,48.51257329,1464.763578,217.8033055,4.245722016,65.31602383,86.74694978,57.39684697,59.41774572,70.14353228,1240.477094,52.28249018,97.89844396,1
70.86384528,0.518335992,31.22595843,35.10139388,1534.011018,217.251547,4.250409399,79.71764441,74.07297177,61.54523418,65.61245463,75.87679637,1207.438037,54.9592685,90.68834739,0
75.95549534,0.489269786,25.44847891,48.07389395,1532.225925,211.0625398,4.816398033,75.56317153,75.76166462,64.8524423,64.58743241,74.27200062,1118.587298,42.56355103,85.35293318,0
76.62041985,0.43744373,32.47529479,33.14163151,1463.097146,227.2906365,5.688590468,74.83897235,69.19592671,62.11162399,56.14051659,79.33303024,1253.769528,51.40974437,102.8627334,0
76.48492337,0.415303865,25.07043357,35.51678886,1512.17651,223.2557782,5.128800429,66.31131648,74.41200428,62.08436531,63.03399498,77.73272111,1145.447664,47.71091515,101.8861234,0
72.14410505,0.483693304,31.00252925,48.21689078,1540.401809,224.6795042,4.997446684,78.26456526,73.15012821,62.47882787,68.95570002,74.69791238,1277.144405,50.95461866,91.15890859,0
77.91964093,0.419039648,28.42125643,29.01936089,1461.411402,212.626201,4.261868728,75.85330815,83.38758162,59.29862207,60.81088469,74.6380709,1218.44586,54.27313655,98.50033709,0
79.1103008,0.638427282,27.56742747,38.05038147,1485.131196,214.9643038,5.567973923,79.48943646,97.4585897,53.72988674,72.59668176,71.18853526,1165.482407,53.24802433,104.3800526,0
78.93542302,0.729094257,30.73951434,42.27952098,1523.991352,199.2535996,5.435762193,69.71364795,88.77826031,59.4899686,64.15607631,72.08299499,1235.257433,48.16698715,96.87422575,0
74.72226151,0.573487779,25.1802687,41.46357741,1525.007152,219.3996246,5.263919675,73.15437802,85.1060069,59.47995386,61.70337933,75.05469299,1233.64851,47.83799406,88.64567691,0
73.65555655,0.51943843,31.53237627,42.22386904,1502.278194,218.6907419,4.625292007,69.68305074,85.6285448,60.96430922,63.06209554,75.80092735,1275.462001,56.71478166,76.01836905,0
79.75211919,0.503200415,32.67059523,44.30818062,1507.291824,206.6929487,5.421256948,72.19575067,74.10746269,65.13575518,74.05777887,76.81539905,1172.672585,54.63822766,101.0296524,0
68.24157697,0.567787532,34.71905918,41.64553389,1487.185959,207.6689869,4.616838738,71.58476003,85.40589542,60.71708815,70.49792232,79.4234921,1309.581913,49.72626802,98.52844695,0
70.68004615,0.595530521,33.73403874,39.69498014,1513.28085,194.6823068,5.245706378,66.12196698,71.61823518,63.6358563,55.58739624,73.94501945,1177.839065,49.1975689,94.11638436,1
76.76027698,0.62619215,32.33222206,35.82859095,1562.656641,220.2538528,5.585583816,74.88936136,67.89257373,61.13702539,70.1304372,67.34237954,1123.64396,51.73958039,99.96087491,0
70.16511928,0.437328278,32.19747631,55.76028367,1514.338706,239.9137042,4.861555322,69.63571156,79.01279106,62.6296864,62.96985423,67.42962791,1154.785241,52.01328491,85.68270303,0
72.57318226,0.416465295,36.29916537,36.3234827,1516.22293,214.8609937,4.867219744,64.42733842,77.79271243,55.49919886,70.93713576,76.92563718,1202.601033,49.39749471,107.6645596,0
80.79055437,0.406066461,26.72489737,39.9879808,1470.223253,214.8224255,4.741576558,75.89126424,78.39925513,56.01280941,65.69317514,75.40069625,1140.174248,38.20767929,101.3493953,0
77.59673257,0.498469015,26.91188548,34.23333798,1515.370178,219.5373878,5.449179784,66.20163491,86.55233629,67.11976923,65.43678713,78.98860273,1277.005391,49.12644481,104.7729601,0
74.79921025,0.480509172,24.5381901,50.07637555,1485.277212,223.3795555,4.970784941,67.9760231,85.33695248,60.31691696,68.05117503,76.1551655,1213.190954,45.08448426,103.116343,0
75.14159188,0.607600714,28.92111098,35.0332065,1397.482127,225.1012436,4.858937112,70.7215501,92.56197439,59.42405836,65.21855198,80.1879026,1087.163745,57.41629442,82.61602421,1
62.88060337,0.594752646,27.46105207,47.2365285,1505.791229,226.2308735,5.501118083,73.6151897,79.48764164,55.49539441,62.05945701,70.76759314,1142.54102,51.66529218,103.6539621,0
71.81306436,0.380636317,26.68541162,46.48031531,1526.551305,226.1233221,5.016071573,71.80113019,63.34874704,63.43387035,63.97646383,78.69661271,1160.891027,57.42217019,107.3568076,0
71.08373354,0.618947049,30.30556889,44.75774885,1497.203978,224.7950755,5.54495248,66.73735853,70.91497488,59.03458963,59.03312116,72.12193512,1197.857188,47.93234371,104.4228164,1
68.59847801,0.530805054,32.98971153,41.89576559,1529.363121,206.7912164,4.785509641,60.13955487,94.15204527,57.16276359,59.41529558,77.95377868,1204.672925,53.06078403,97.20033867,0
75.48838049,0.455671775,26.65042668,42.00240693,1466.37572,215.1111388,4.589560539,63.57067991,96.26430735,64.87600271,58.15268113,71.13097171,1237.021061,49.05409832,114.5034026,0
84.41012248,0.591922893,30.25147988,30.10887375,1455.633527,210.6003217,5.182697121,65.98444583,77.16293272,60.91085314,67.28612406,74.50054325,1164.224362,52.99297546,98.24756637,0
72.77248739,0.516865467,29.84278665,36.649424,1496.867589,214.0310522,5.374641278,74.81251296,88.83606786,59.11932901,59.42376732,71.64530418,1172.719292,60.25754732,113.5672849,0
80.74636663,0.475393751,30.75949571,41.12880762,1450.278574,221.0720796,3.938003591,77.33925222,79.35662353,60.74273952,72.78208018,74.78986067,1209.172711,50.19953347,117.9675347,1
72.8950776,0.47288764,32.77281042,33.50391818,1532.770191,227.7511512,5.701004663,68.93203379,91.6300097,58.32110691,71.81803648,71.65180747,1127.439039,52.52696688,96.74486587,0
75.30115105,0.587006773,30.12275753,38.49570126,1577.939459,219.6010562,5.240293379,76.57037491,62.43131301,65.31083724,61.64346204,75.09859012,1177.191583,54.36045098,97.64019901,0
74.06564178,0.451693895,29.64970225,35.03068663,1537.824418,231.0321757,5.220831282,72.88536092,81.44253522,57.18395133,61.43403848,72.5707936,1271.475983,59.71792044,92.89308008,0
72.79977757,0.426447006,28.48746051,41.15722961,1443.937813,206.641376,5.483589061,70.91497225,72.49279666,68.93619982,64.25888556,78.28368736,1155.733678,49.02707668,103.7961006,0
84.23353663,0.528016116,28.50080947,42.68145455,1476.291091,236.722659,4.592565926,72.37629302,84.28967949,54.5275282,70.40658479,77.28352212,1188.862589,43.27826998,112.7169679,0
72.27540457,0.282733045,31.49959237,41.40504625,1520.481806,228.5673742,5.717154835,68.76332018,68.32134693,53.57636117,57.84405833,78.4223574,1193.777169,53.99832258,115.8956333,0
75.36658984,0.542359907,32.82393174,41.85030558,1438.983966,209.920883,4.343918399,68.19185945,68.64364095,67.48440137,59.046271,74.24466398,1242.721888,42.58097072,97.08978527,0
76.67228395,0.612670514,27.33995723,48.26808634,1498.18347,213.022811,4.597004134,74.05130022,71.52526109,60.58254026,61.02670408,68.32684767,1207.732427,51.45456701,115.3785495,1
75.0920919,0.579426468,30.11471398,38.512589,1470.17943,219.9721389,4.933498418,64.57126145,72.79544929,58.1200821,55.75944944,77.98122079,1146.492077,48.5293841,97.79437466,0
66.4830878,0.549097495,28.68970729,33.55846191,1482.970065,223.4182521,5.252668574,62.43084749,79.7587089,64.13419315,73.08260827,76.11362029,1211.522994,54.67155869,97.17922943,0
78.22742091,0.380607499,28.64996143,42.92952101,1513.392182,236.7134758,4.570193243,73.86423919,85.64776264,65.30908323,62.28489027,72.93103349,1232.427337,46.62031168,112.9042532,1
74.11526386,0.389429533,28.08807676,33.04889037,1653.843019,213.644589,5.204532469,77.63406332,90.57960714,60.29304459,71.49346645,80.02690888,1209.86863,45.36142854,103.2683221,0
79.06262911,0.463755906,30.79608705,32.42764845,1450.415167,227.4365178,5.090035519,71.18111823,71.18566295,62.28177987,58.17661837,78.8130903,1233.671441,50.33047123,99.475523,0
68.81092251,0.595670232,27.05650341,44.38227823,1548.655078,225.9957754,5.50946162,69.80427987,50.56858435,63.51015162,66.16642521,73.95975033,1238.460764,45.22122821,96.03916034,0
73.65296583,0.586047349,29.92934355,42.61125318,1511.334212,221.0705745,4.259209614,72.30636042,73.63154786,58.59077575,66.5776147,68.46063402,1119.498916,51.73694921,114.4682284,0
79.17846056,0.497248509,27.87126044,41.65425652,1447.990314,236.8918893,5.140022671,73.04940024,76.79216138,61.64322013,58.03091176,73.07575263,1157.044786,34.58718912,103.2638101,0
79.06754818,0.555781031,31.49322927,34.92620253,1519.171752,221.8847576,5.303920169,60.26737357,71.49024919,59.56891451,69.05456886,71.07394761,1134.500624,44.45912652,97.69151032,0
68.08600135,0.559252695,31.02015388,38.21663433,1440.29053,235.9947094,4.820960277,69.10190139,90.64170702,68.32571191,65.67745686,73.69789994,1142.114354,48.98673369,106.7610364,0
82.75575988,0.505701312,31.65442883,44.20367241,1513.10334,216.175476,4.357806482,73.91013694,79.3522774,68.67020977,71.36214191,74.89628332,1173.02851,39.80776738,82.58235888,0
83.34510763,0.641222056,29.34586231,39.08715513,1506.430873,214.4045371,5.898332601,70.44697639,72.29575201,61.87031044,61.99746682,74.90558589,1189.948061,48.0028761,102.2517093,0
71.131054,0.512267032,28.18576601,36.10073527,1482.741765,207.2904828,4.595137582,65.51170307,65.78650055,45.99044215,67.31077048,72.58691549,1214.564183,53.49725045,94.24509787,0
75.86590463,0.340700627,30.5691185,32.32479876,1380.653506,201.5342695,3.643693718,73.73722486,81.07699449,54.9578349,63.32698073,73.96168718,1235.383912,44.98267287,88.69883368,0
79.12708174,0.639020755,30.69021228,50.43023525,1524.735283,211.9490482,4.380205994,71.11963437,82.4207067,65.39062698,62.16593341,72.45328603,1158.070967,53.23022672,96.29486643,1
80.26576427,0.424803067,27.4547141,38.37194474,1436.799692,218.9380591,5.699613975,75.96793268,61.84351024,66.22520504,63.60940068,73.34497459,1201.223983,52.2810166,101.8111229,0
67.84612449,0.61337701,30.81017208,46.4532223,1572.637777,214.0775916,5.413201659,75.66402349,94.92952623,56.35804843,67.37371052,66.87730292,1212.053804,44.94704698,106.4529696,0
72.2226144,0.677531089,32.50000174,42.46827424,1627.450485,215.2979666,4.622566902,68.46214291,72.45701867,59.21861832,68.46387885,75.45680813,1287.805079,48.97353739,82.99879131,0
68.52460614,0.393246709,31.19378115,42.28902805,1358.383704,222.3160747,4.979264111,60.8579706,73.83928785,58.79637848,64.86015293,76.82547495,1182.072874,50.53642933,94.16439452,0
76.33525133,0.28481846,31.44620018,38.08591405,1566.0207,211.85244,4.017731981,67.10524121,77.31631201,60.57154377,65.48004634,77.66957086,1204.818856,50.42005095,81.38486639,0
80.22080439,0.440753574,31.37305976,35.54841076,1523.768281,204.9952345,4.905492851,69.71469354,76.13070553,62.23848133,66.21301407,75.24108698,1208.520771,59.86262387,103.533938,0
79.35562352,0.257575974,27.22372612,29.05039148,1455.183367,213.7548954,4.903347887,74.86221999,89.28015659,62.85612105,65.18781676,71.44514418,1179.136732,40.57067691,114.9226451,0
72.86559465,0.602996082,30.93392602,43.72092855,1541.888211,222.9845181,4.618791025,73.52168105,91.46487159,56.53967401,57.35704352,76.10505601,1151.730189,49.8763229,94.68224299,1
74.67124869,0.695834745,32.95634906,40.86127193,1492.837054,224.0327456,4.46266948,62.57697604,81.26824685,62.73869489,63.95541021,72.50283167,1088.516168,49.7647073,100.8882296,1
72.60625689,0.550872502,27.50083183,30.15747893,1532.616517,216.3899078,5.347582624,78.61537359,79.7031121,64.88253295,64.94049588,75.64509583,1183.946029,45.38973476,93.72963491,0
72.7384684,0.612411272,33.79112003,42.53120495,1568.923481,236.5330964,5.160498782,65.06067045,83.07039237,68.37135383,68.76241689,75.61044601,1239.300865,54.4024323,90.40027481,0
78.29272136,0.390903357,31.60445201,40.69943616,1507.346765,213.465371,4.736722433,64.22274103,80.44552166,61.89849839,61.44340045,76.01070979,1224.726125,53.33271266,108.5494465,0
77.56892975,0.433709908,31.06684005,44.15095906,1357.268667,214.940338,5.064593737,77.44799705,64.40564221,50.78531547,57.46223528,73.23126301,1229.384745,50.14282881,98.73012187,0
68.88936096,0.382096021,31.00517409,43.01547342,1448.146696,214.3580382,5.008062394,74.9717576,88.71555966,56.10096662,57.11385815,78.54870147,1155.320952,53.48094858,92.52778168,0
80.26820898,0.31693671,29.54748687,37.75887692,1479.655738,206.4402966,5.182879993,66.37569458,76.24491019,61.68291523,59.37451836,74.21465783,1211.006459,50.45020792,84.94928126,0
70.7082111,0.661227826,26.608154,41.38679231,1466.728885,214.8133328,6.032110067,62.96353278,81.63334681,59.36667986,67.04048029,76.24126261,1229.340093,53.59165772,92.26360155,1
77.64902089,0.666125921,29.34894885,44.39708521,1408.945697,232.2394875,4.124512213,73.97461557,73.161511,63.91577828,65.34542596,75.8261887,1183.815862,46.78063994,100.3889452,0
65.9755895,0.608874862,31.44806366,34.13060018,1557.214653,213.8836626,5.141526581,66.0461454,69.44675841,55.90306585,64.56918948,76.00878885,1232.668419,53.53477505,113.3494673,0
73.4522678,0.6938929,34.29410035,38.42456634,1490.090216,225.2396051,4.460233574,77.2780024,89.057176,56.01506666,59.6152273,71.95918247,1255.433721,51.48100222,80.13709388,0
73.42365378,0.470505032,28.58987356,43.67810999,1502.274574,223.603934,4.553202493,70.07002484,74.93365166,56.91357147,55.43329833,76.51976302,1261.03576,47.21767111,107.1560907,0
71.42824291,0.600981709,28.15091578,31.84362092,1489.143446,219.8913286,5.224242727,59.6431141,76.13997424,57.68571857,70.27847124,78.33839459,1152.492373,53.92142377,96.5157205,0
78.55807439,0.632819414,32.45633293,36.62532991,1466.58274,214.7346831,5.219743024,75.26105578,78.53519329,59.8252925,65.01462983,73.07361848,1279.49478,46.26718324,103.0941619,0
80.94196637,0.419412993,29.43801294,39.01859674,1548.391301,223.2129147,4.186344136,71.9952207,73.515308,68.56355706,60.57165908,73.12920936,1242.177515,47.43753305,95.2380084,1
76.63463687,0.529355793,29.10097006,41.60392863,1540.445963,216.5593604,6.071503527,66.79922772,84.10383277,57.55292883,58.95758898,73.74045901,1215.94187,50.39601464,102.0431988,0
69.64553751,0.591831661,29.45882495,34.48165086,1457.682014,217.993607,4.135408555,73.64886469,79.98171241,58.91999289,68.68381673,77.29170873,1194.772431,48.57063873,98.14734085,0
82.48022156,0.47476465,33.82462512,37.92393116,1458.055366,220.3769657,5.10167973,69.75585082,72.3123359,62.49555253,61.64041345,72.75356499,1215.503441,43.22456967,115.1167341,1
80.89648592,0.652846843,31.17208776,33.53687326,1482.457528,214.2968593,5.245722755,69.90040802,74.50075168,60.53880028,69.27451961,74.0929513,1264.204014,50.81935701,109.7063367,0
74.90743432,0.445375555,28.89216858,40.39288515,1511.351724,203.6798511,6.072912463,71.53067277,79.43211404,63.30171527,67.49910818,75.16015282,1175.189706,47.39022217,100.4312543,0
76.84336654,0.56969544,29.86346326,37.21940627,1480.406162,219.2977964,5.473403783,62.56069148,78.83428654,64.67327354,60.36743373,76.8977484,1167.402392,49.7452886,94.51603212,0
76.88605938,0.471399578,30.64413955,42.31241812,1511.927748,221.6665582,4.434466382,70.70989957,76.99871213,58.82710485,62.48545175,75.90372744,1218.65612,39.50906268,106.0402485,0
74.82657556,0.438756263,29.26984806,35.1493787,1404.434155,221.8430906,5.192985046,71.08859101,87.06505464,70.82760726,73.22677476,70.66821323,1224.819082,43.96112589,86.16532688,0
83.43570818,0.347434369,30.07616526,35.37717943,1544.057336,212.8853781,5.201134039,71.25314116,85.71141242,57.59892783,60.07133483,73.11884746,1199.472178,51.33147678,90.25939843,0
77.53637016,0.500642227,23.60830056,42.91285659,1439.035777,227.154931,6.764527594,75.29975085,85.30867162,64.57911891,67.36668338,81.09347614,1178.46142,54.79626688,82.03802245,0
70.47841687,0.388038257,26.60733469,34.74345044,1472.45091,218.899945,4.59878498,59.75262757,75.5424254,59.24024438,65.15403567,72.14968629,1201.025086,52.83303916,93.76283965,0
80.33337345,0.456361411,32.30462165,36.00029747,1471.527511,206.0092157,4.377756775,64.02906674,70.6416877,58.18412221,64.85098109,72.26196372,1133.467546,49.50984464,105.7128305,0
76.46536237,0.664201516,26.2195057,34.8072809,1549.508312,211.3071301,5.362295889,68.0725338,89.26257491,58.52471905,65.38539306,71.88437743,1235.010492,41.50774716,105.7692041,0
78.43130095,0.563377688,32.23257591,46.85268072,1499.721985,217.7514694,4.956457637,68.97935116,85.44624574,64.69478589,54.69297288,74.77116554,1247.159665,54.49122286,109.2303344,0
70.2222978,0.462716685,35.15813372,26.98431456,1514.290164,224.5061305,3.986161364,71.47755846,79.67518964,57.82375901,63.77075841,76.00896891,1193.290116,46.87594398,89.17841864,1
80.45753426,0.554673357,31.8768928,41.69343659,1501.778304,233.3388575,5.351329999,69.79370174,87.98566673,61.34387895,61.9958518,69.9498536,1118.883969,57.67815489,91.00142028,0
75.38684154,0.44357524,28.52063153,42.48099594,1470.533388,216.2124016,5.478996971,66.98687848,78.86841506,57.83670243,59.56053494,75.67962825,1145.52433,48.88030288,92.89974913,0
73.67671583,0.401140889,36.07081866,44.87656229,1590.670385,218.7511311,5.795700184,67.92684746,87.57032065,54.86687259,72.54459447,73.91484904,1123.963924,47.05331718,83.93541099,0
84.00470216,0.484872672,28.2889459,30.55175354,1555.962246,232.2385592,4.96125285,68.09981577,82.96572677,59.948972,59.86878812,79.63227799,1157.321686,53.68113723,126.9804046,1
66.10639876,0.532307927,32.69119859,33.25211894,1534.317678,228.9866916,4.606412965,68.12296277,54.91042822,52.86675395,70.6731985,71.15552708,1097.44738,47.71685607,97.44793866,0
77.8488364,0.605605681,33.40686044,45.58416888,1497.423854,215.543497,6.333452611,70.45657364,89.53009498,63.25333814,66.74807666,72.50057543,1251.377636,57.7667735,93.61969834,0
74.61449145,0.51042011,29.04045743,33.4143404,1475.791302,215.853731,4.809255293,69.15790144,82.62502891,63.15612178,68.20013309,71.44255527,1098.204871,47.07024616,112.1506561,0
73.63638215,0.54283071,27.64571428,34.42976775,1580.815002,202.5705247,5.899240044,67.23715327,60.29691419,58.53621041,66.13146134,77.15321612,1280.615576,47.63058565,118.4539968,0
72.65412174,0.518468031,25.65106434,33.07006029,1432.124123,228.0315474,5.404632349,60.82115622,88.95796218,63.5091152,60.70300395,72.92683687,1192.033571,48.85924325,94.11846875,0
75.13045525,0.61618783,31.67441854,40.84029903,1520.738645,205.3432614,4.253768865,72.99725343,88.84842583,60.93970888,63.03885194,74.65178757,1185.939377,43.78790163,106.3202322,0
69.59468336,0.58712973,29.88207814,46.09097356,1547.565312,223.3164767,4.881096481,77.46501552,85.30369189,72.65184834,70.34274779,79.45167046,1182.343991,58.99869146,89.29245624,0
70.12659165,0.250059429,26.66562613,36.96748306,1500.641432,222.7301072,5.071713283,71.36118363,78.58291278,57.29263497,57.53405094,78.97501396,1179.245433,49.5918282,110.5813611,0
77.95327415,0.452616065,28.84493456,40.71524385,1511.374794,197.3394791,4.683363648,72.92262026,79.31713792,61.27988573,71.5791092,74.45757766,1206.038523,47.08866469,113.0112985,0
71.34816684,0.444250821,27.94611052,37.91045227,1421.455927,238.0760851,5.145601378,64.80444416,80.06381541,59.73622446,69.77694286,75.90891562,1215.477782,41.97597845,105.5081284,0
76.17807279,0.338486818,34.39253172,35.84022541,1441.151894,213.3185695,4.695753048,59.23543242,80.16374242,51.94868441,64.06781792,73.38791223,1277.959115,58.36020887,97.87541275,0
80.32740188,0.401282047,24.21698226,34.07984721,1486.024627,217.3476246,4.728196552,71.17129632,82.67475389,65.54222301,73.52681178,76.98692069,1263.176951,50.85005109,103.2375507,0
65.66367404,0.530982071,28.05737458,43.78747575,1542.238719,220.1345036,4.983861553,58.62689484,89.66956645,59.05702585,64.00715407,74.19151873,1191.368682,57.18044673,109.219366,0
73.0745886,0.539580353,27.39860935,36.45279499,1509.062558,223.5116547,5.510018253,71.99496079,68.22583495,54.35682743,68.18435079,69.98278642,1255.524993,57.89903479,91.55262591,0
71.99680655,0.561351797,30.62897825,37.45096653,1579.926906,232.8807572,4.017222054,64.21529301,63.74878741,61.47612379,56.47689021,76.095507,1129.819189,47.06514507,107.3975929,0
68.00716213,0.418180112,29.00607485,40.22611354,1420.820581,221.6540366,5.219289645,73.76708737,98.95148612,60.87787042,68.88867524,76.77540357,1162.076804,53.83531345,107.9668416,1
77.36796215,0.54535343,31.7754424,47.47469114,1563.594621,224.5358552,5.01740377,70.49656907,98.3256124,61.36955543,63.63186195,78.48794418,1218.452602,49.99242749,89.80031281,1
73.55670681,0.539180401,30.4301654,29.35632953,1483.796591,210.9505217,4.227532039,68.84470232,71.09564247,63.73773063,55.04429926,76.88430891,1202.346815,46.26448623,103.0193169,0
64.87428707,0.667770081,30.0428192,45.03721987,1571.75437,206.0219452,4.684298722,68.71473796,89.14077164,62.68194609,70.80751524,71.0594166,1315.083743,39.18660495,103.4929277,0
72.56437308,0.454677195,27.52376841,33.13767226,1518.97027,228.4178077,4.870977242,58.79042033,76.94367558,64.95355423,68.81899886,75.37399018,1258.509617,56.75496953,96.77988029,0
80.14577819,0.57999419,35.96118334,43.96587844,1514.547368,214.2591742,5.30747232,70.58853709,64.30610405,66.78809817,60.07793477,72.68149881,1179.774246,55.10729052,100.4767289,1
77.50458594,0.651344974,30.25767902,36.02221466,1479.128481,225.0458181,5.846173286,78.914528,70.72626994,69.23933498,59.35829215,74.0704653,1224.287357,52.26637021,109.492573,1
85.37700399,0.425278832,30.25706148,36.21618011,1585.952031,219.7373921,5.673049897,64.35704663,87.09599479,55.98282863,68.05800781,71.57117236,1188.34614,50.85200497,83.86098545,0
76.73224105,0.284660989,34.9844105,38.153964,1556.389013,211.4777536,4.55814043,73.7053689,74.55703854,61.16097252,60.72687679,73.77203936,1186.857975,51.26106502,97.5260706,0
82.6477516,0.415364335,31.38955439,36.82857076,1473.034749,228.6482444,5.228606532,65.73300263,77.11467099,59.51344425,65.52885192,74.00802401,1194.861627,41.07530734,88.08280866,0
65.239561,0.366876705,31.38618268,47.51709914,1510.161798,224.1582663,4.691928271,64.71751465,89.44385223,47.39197599,66.57011301,72.81168885,1230.339751,50.38687141,79.84778095,0
74.42631779,0.479641964,31.75323894,54.34201528,1544.60338,211.5756737,4.53037923,67.78196585,79.8964771,59.67294883,61.76878838,78.41357333,1205.140712,46.11613045,98.19346618,0
76.5364976,0.470972546,34.20479578,35.2724656,1506.313387,227.5882442,4.432989907,64.70599926,83.77263259,56.44992279,72.87293179,73.59081061,1168.187158,55.3432111,91.22644265,0
75.13442919,0.543192254,37.23503003,36.12692515,1619.605482,216.0601332,4.971024729,72.90283844,75.55053609,56.14593185,69.02471287,80.13691406,1222.758783,43.35297448,96.82771612,0
69.59225998,0.323919119,29.86376635,43.32463581,1471.103961,224.2834205,4.296511269,72.30539016,70.15366313,65.97588706,69.81105289,71.69602011,1267.672578,50.17921647,115.2713238,0
75.85432719,0.40645613,35.88776157,36.88982597,1495.954133,215.5203866,4.750430524,78.18605822,78.61664718,56.24686589,68.19478407,79.3016534,1234.388192,46.48181778,96.58800267,0
82.51699151,0.572509579,29.6318732,42.76574578,1488.947877,212.0288643,4.298815358,71.10315402,73.21665371,58.14268989,73.32626117,75.23209119,1158.584873,50.55167717,111.4330427,0
74.81182649,0.446467181,31.10294788,45.06318705,1504.063921,223.9457999,4.018355426,76.4957491,91.07721096,62.27352198,63.77413789,76.7565646,1207.96966,48.42018024,93.8040002,1
80.47095759,0.585277368,28.5615211,36.83622485,1521.266065,223.6681404,5.220029965,71.97478985,73.15559598,70.20066943,74.05261239,80.42057665,1128.321804,41.05477423,115.3826564,1
71.48973453,0.572762954,31.86662143,39.52770643,1494.325968,206.0804162,4.918648149,62.6974955,78.9653721,54.21722391,52.70915285,74.81467181,1199.637215,52.25661412,85.08772169,0
75.10501921,0.368816377,31.26475983,42.08223019,1550.296226,217.3969096,5.35817004,77.695986,87.69135779,52.31734655,69.57701485,72.40065669,1237.660672,51.44892239,98.51570599,0
77.86291391,0.425509736,29.53422285,41.80323946,1457.59672,208.2971929,5.199381882,80.38888793,88.01181764,63.22194227,63.57602222,72.16105853,1138.451075,50.53572665,98.46214835,0
75.49825683,0.493586165,32.14614395,40.36340262,1463.239948,221.4959796,4.591922505,70.96724287,78.17839416,62.85243043,65.83070307,72.89625137,1258.648385,43.34126258,102.8722035,0
78.40976486,0.393488634,32.5168215,39.73047575,1443.625195,204.8995879,6.162349457,65.35890016,78.12272976,58.57605295,71.11355896,77.7203528,1291.332354,61.66517781,108.2470174,0
70.88889802,0.516057398,32.09648526,43.53039457,1547.059093,209.461645,4.537055048,67.00180003,80.87391429,55.32703053,62.74629861,74.76500745,1180.829103,39.73608783,114.6420127,0
70.89658841,0.335460125,33.42044712,36.52699815,1408.182011,220.1602528,4.233740862,63.30255317,79.77969927,65.33998889,64.48971805,82.07884278,1202.825384,53.1595017,116.3504767,0
75.93304562,0.43791524,32.00596441,42.74159814,1481.218317,201.265587,6.28025148,67.7139073,74.92283231,57.30607581,62.36466941,77.52312383,1187.015657,42.77679373,118.5759088,0
72.22400237,0.377045041,32.60746378,43.35765586,1554.827356,210.3329811,4.608823039,73.04133583,76.33658323,56.47231026,62.96492054,73.52470016,1164.026381,50.91620955,124.3598512,0
77.56633717,0.480365015,34.3574026,40.71793968,1480.631902,212.8641533,4.979833045,74.32644878,74.79031449,57.11232868,72.5307362,79.81420504,1098.997179,59.71288589,94.38339443,1
70.55242785,0.575892859,32.96200355,35.2712697,1422.859839,223.0989478,4.558000572,67.58170681,74.5657957,54.50660313,73.84956534,77.68337653,1326.225464,45.15993518,87.05068115,0
74.45619926,0.511958037,25.43292244,31.03053751,1513.830038,220.6188335,4.743705602,75.29782786,66.76350429,59.8541365,66.22645871,72.41566971,1226.039715,45.86754312,92.10647634,0
78.39798874,0.7210523,33.02254107,39.8049024,1500.427804,229.5793206,4.684174238,73.31131491,87.35132113,60.09772922,60.90366768,75.02827908,1163.846345,53.12738,106.1241165,0
72.18766612,0.669505104,27.76026496,37.51214581,1451.259671,218.3575801,5.016762351,68.97822137,95.68518985,61.41894014,72.89171339,77.18136744,1232.304162,40.10335153,108.5835123,1
94.26365745,0.674957674,29.99787422,42.2561266,1443.697302,220.6233135,4.670125679,75.77346883,83.43158554,64.43289746,61.55652783,80.03171878,1145.626092,56.28439016,105.94509,0
71.54045965,0.497073719,21.02659209,42.14093124,1433.26947,231.6591652,5.449058662,74.02787351,81.84827034,56.92980919,68.96631248,70.64726121,1151.291629,53.47583009,96.68406221,0
76.85572937,0.576608028,33.06414989,34.44209875,1520.527504,215.080431,5.195604664,73.69972026,75.64922758,56.86229999,63.06254343,79.3557799,1184.185173,60.52928172,105.6605746,0
71.03563584,0.323923724,34.46173847,50.26486012,1514.4364,233.9948643,4.497854718,64.74972605,87.32151226,56.33850225,62.54563553,76.82852969,1174.870674,50.75608111,78.03553738,0
76.69248204,0.52005692,31.11631642,50.62385702,1510.473504,239.0026842,4.856046962,75.94613231,81.73947208,67.33221196,59.55682578,74.60827363,1217.404765,50.27604004,99.35602459,0
75.0262185,0.618570415,28.35995975,40.97740866,1456.035861,225.343649,4.817161459,69.45067938,86.25318334,52.06405965,70.99184285,73.08304484,1189.989167,49.74209371,108.7081755,0
69.99189995,0.535144821,27.14424462,29.67458477,1467.131372,228.6352824,4.684577225,66.46280228,79.80681696,65.97107242,58.43755655,76.35404264,1261.843595,48.51052328,96.96077352,0
73.28642742,0.70883747,27.39101076,48.24740447,1567.553645,222.4832514,4.433289491,70.51322764,75.19425587,63.66589659,54.48699654,72.10251969,1192.506098,50.55418189,110.0482169,0
76.09575164,0.723130015,31.07536085,41.09267021,1566.263805,219.1329886,5.669663295,72.82394553,71.79671539,64.83965974,66.71798768,71.05575342,1164.662841,57.08417041,81.05165632,0
73.46110883,0.6732515,28.39399474,32.92366404,1474.087368,225.0573543,3.94508088,71.67527176,71.20356324,61.09169375,64.62703661,75.76105066,1208.269238,45.70280907,96.41605517,0
66.69239969,0.323156063,27.22085661,49.28851172,1547.260577,212.5082827,5.230021162,73.08331988,65.57285214,66.16164303,62.36758823,76.18895905,1172.135935,54.35030108,100.1603666,0
72.12181087,0.663996453,31.88858875,41.61041155,1436.50007,220.2943059,5.409869859,76.57113288,89.71412358,52.90283402,69.67070721,75.20462035,1258.004126,59.50415908,93.0550159,1
72.56196888,0.591358463,22.09275678,43.20271468,1449.719931,220.7557637,4.945930505,76.56891088,76.47546268,52.63822969,66.3701942,76.26788585,1200.403338,41.14471599,83.17932716,0
78.10336049,0.430757902,31.43832455,39.56965154,1341.164809,226.9797403,4.917925294,65.29992034,78.285044,61.84248793,65.37443792,72.47311285,1195.64258,50.86911763,95.09832685,0
73.59449854,0.607015024,30.23244156,40.14228791,1497.551748,221.7146932,4.851066598,81.04927833,81.01630054,66.50551032,66.20704558,71.45641938,1172.785585,53.09144652,90.90347974,1
78.75966516,0.60506544,29.42691671,48.27703557,1448.009673,228.1683701,4.827950986,73.43619225,80.10545712,66.88667515,59.38542661,77.91138791,1158.935681,52.41424373,91.29836842,1
73.8711185,0.44263,30.83213081,37.68419319,1428.815868,212.648832,5.199614096,61.87253865,74.34741261,68.04033624,68.02048713,70.12824647,1226.431741,55.06471442,90.85346265,0
67.1488764,0.367997749,29.14537352,42.3577119,1539.131491,206.9715524,5.411033039,73.01236718,66.22704511,67.93700301,66.08277369,73.00490433,1215.941352,46.83105677,95.96685233,0
72.23175347,0.628975275,31.49905533,40.09409525,1422.424388,209.6369075,4.650869076,66.91612319,71.35573295,65.2273012,62.85049947,72.77447052,1110.342325,53.75234931,104.4637424,0
79.36160318,0.433092726,28.92069406,38.60094829,1381.417032,245.7199532,5.178830683,72.32125619,66.35529146,49.67567361,69.80306616,74.97491764,1208.659882,47.85083588,94.19644997,0
81.33455575,0.667257239,32.66066217,35.59465832,1458.196892,215.8752099,5.694882067,69.58455336,91.21689142,55.82064872,68.42945228,66.81178685,1240.804052,59.27559287,108.4108154,0
77.69455022,0.700609289,32.43961556,49.6757702,1583.868854,207.2431734,5.190712809,67.49869492,87.41319817,53.95282336,63.69695834,74.82749109,1172.865156,51.32644172,77.9172198,0
69.93947812,0.466522467,35.09987212,42.10773042,1466.038467,212.174014,4.619818179,79.26020022,68.8767253,59.65898735,66.55269819,77.93179011,1201.197319,38.8582878,105.9629979,0
76.28775195,0.437623104,29.01414457,42.25301706,1489.982371,209.2631134,5.267103931,58.16261173,91.06774519,67.66190191,64.61567296,74.42158174,1205.561167,47.26580772,111.3891061,0
66.72571664,0.459635154,33.21462946,41.33409198,1354.287201,227.0703236,4.803194209,67.91108494,68.32242584,52.96640284,59.42391386,75.53908614,1269.347995,51.87873441,99.48605073,0
76.13729967,0.47024365,30.49428252,44.23385388,1530.944315,214.2589932,4.757870824,53.89491822,73.69951569,59.99189142,64.10659556,71.50367542,1142.193632,50.16783824,98.47500322,0
74.76144322,0.586239347,30.86617099,34.38252983,1492.639736,223.9291351,4.664139605,79.44639398,88.26422324,61.21945471,67.68589907,74.09719412,1239.530886,49.6476983,128.2416701,0
72.27808638,0.672754317,20.94146353,30.6512915,1466.067847,242.770865,4.841119553,75.68690549,48.61485334,60.23649372,68.82718747,75.37312837,1248.307351,50.66880287,81.71835072,0
77.3691646,0.725243581,29.04685471,40.54704236,1476.129465,249.1817356,4.540990469,66.12477518,69.64038071,62.86883555,61.88664117,74.49201343,1235.389581,59.42894258,107.4228851,1
76.55453783,0.382988697,33.17980915,37.40301814,1398.188975,226.1377086,6.389981812,65.42261485,64.9277418,61.62390797,65.70557248,70.97622082,1167.617362,45.13774681,111.9594191,1
76.57123666,0.451611417,23.98841291,25.83922201,1534.8084,240.4217791,5.097166732,65.73033546,72.59767747,56.32628393,67.2915897,72.75771224,1163.627304,55.37551727,104.5077042,0
71.61803849,0.480266158,31.05751491,41.55554996,1453.026838,228.511241,4.710770136,75.15124847,76.36687992,57.56684406,68.17622768,75.23365718,1223.950131,54.97977464,100.1797258,0
72.48972888,0.349702967,34.41801203,41.94156003,1527.169541,224.4174674,5.240304297,74.24792266,79.51234348,60.61877321,59.64839726,75.78355362,1133.758347,48.00703981,94.86603319,0
85.95227813,0.385365461,31.64135735,43.69826576,1445.224031,213.1636572,4.610952607,60.32956127,88.85256321,60.32203761,64.36400308,77.69868413,1169.609501,37.64668359,97.43405164,0
77.96550629,0.512637958,31.0015799,44.360985,1490.456389,237.1102881,5.260344748,73.09180283,79.6543576,58.84606924,68.42357427,73.49050944,1165.830948,45.74014377,105.6028089,0
80.51650941,0.490946672,23.69992048,39.20923078,1498.105346,215.742444,5.230412433,73.3377404,85.66602148,59.66917033,57.40792151,69.9860032,1204.563595,38.90005456,71.81695714,0
74.19357144,0.610818282,26.43176432,36.35198765,1496.868021,224.0023586,4.552322813,73.16612655,68.4258421,55.04688388,60.70891984,77.03564896,1223.186153,51.79167036,92.62738324,0
68.39883396,0.701338725,25.51041223,39.63013568,1516.217011,221.0285858,4.204929085,63.46111717,95.74146786,58.90997184,70.44814761,76.57550794,1266.773695,52.27165717,94.55129929,1
67.60739005,0.48273727,27.5327402,43.57304895,1546.621744,228.2805881,5.05478579,73.98987627,89.53176254,58.49236852,60.8585312,74.98721119,1283.563123,43.29434984,101.2486761,0
67.92314629,0.599801011,31.12922858,36.46553716,1424.988907,230.2876899,4.706071848,68.89990986,56.03917712,58.29453534,72.02823799,76.11260338,1118.235486,51.31944247,78.38944003,0
75.49666153,0.397581318,29.31060111,46.39759335,1517.417087,207.6043771,3.648325976,58.1050198,73.65725283,58.99657391,57.19914587,77.5318542,1244.422347,63.45157504,113.3510462,0
82.51996494,0.449522508,26.30243006,42.95211031,1583.267596,227.1658934,4.892522581,67.57991438,73.13267604,58.08708079,69.57433899,73.38382116,1183.800957,57.73199344,121.7755419,1
69.96991309,0.506447441,29.98321194,45.51938672,1461.874038,221.9839352,4.75421903,72.37316743,80.65788649,52.77240926,65.91140112,76.37891195,1247.485019,52.82623562,71.8487631,0
75.87288906,0.394658444,31.91517578,42.86195156,1567.829169,220.4607922,4.569621599,69.25319252,88.18765971,62.24039171,64.46277559,73.3703955,1300.890322,54.09274358,104.6757491,0
69.38638989,0.445127509,34.43080328,44.89444779,1534.279487,205.0649022,5.935537241,73.29071518,79.29776379,57.26404106,60.85339813,77.30381299,1214.07917,50.72015451,113.8342408,0
74.82644115,0.740341559,29.31420025,39.02865434,1487.865063,236.7336395,5.411175235,78.76597401,69.85835782,68.06489085,67.22295998,76.32148349,1208.484658,58.72247775,105.4365413,0
67.48428523,0.54523718,28.04373333,39.82496195,1569.451218,233.5918949,4.665281543,70.03863947,81.84858654,60.3185118,63.95897371,66.09974079,1252.439722,43.4772555,94.79790987,0
85.30373962,0.553829608,33.14195312,36.96322783,1568.485055,220.3390272,4.431483558,67.85840871,82.87272514,61.46074421,70.28144242,75.55265169,1152.256546,45.44108856,101.363113,0
82.51178526,0.483287829,30.67592377,51.3621736,1472.345509,226.8793297,5.06759517,67.74502991,77.11849738,67.71273606,66.25501772,69.96149162,1161.156895,43.66730586,101.9192201,0
69.28514851,0.636414043,31.46361685,42.18656594,1528.55897,229.2567221,4.820877811,62.60401991,80.79649583,57.70888485,66.5350153,74.87300431,1200.871448,52.94415976,98.12306069,0
77.45959586,0.432228463,27.21146742,35.98587778,1540.996263,221.6169853,4.998097933,70.39003709,78.82827995,67.57140368,71.08361746,76.23621341,1310.112164,50.83840667,112.0141703,0
76.29941397,0.482692818,29.33039324,42.16131475,1424.054459,229.0796231,5.295372168,71.5486339,90.8450053,57.85481376,66.13119044,78.55548909,1182.370345,47.00175244,86.80804947,0
85.66516687,0.421401054,28.60678721,32.19253389,1461.045363,236.1878764,4.702894564,76.2485521,69.95920367,60.98837783,65.6073929,73.06531242,1193.020244,48.00649109,96.22010254,0
67.42404469,0.486598283,27.6420419,40.26129245,1564.749279,216.2663157,5.064684003,63.81760857,73.41617282,50.70854256,62.51484655,71.51186868,1215.868132,42.23271933,85.25221459,0
75.97044996,0.452790942,33.88761535,39.70292409,1564.637264,209.0095525,4.984240743,72.33845052,88.25923583,60.47731021,63.57156726,73.5078914,1145.751601,60.09599626,89.89118503,0
77.40504616,0.45736424,31.37184121,45.97381431,1499.169483,223.9036619,4.280639949,63.43515735,86.93706113,65.13530213,71.40691699,75.65242045,1220.018414,40.78123521,112.9854133,0
76.16126849,0.367691021,30.69210272,38.12588972,1462.653836,214.7079899,4.564636114,73.30229976,64.801072,62.87780963,57.95886616,67.56748164,1143.791701,56.53277034,95.09404258,0
79.49799938,0.591907648,31.25519466,48.38196514,1447.245532,220.7957353,4.53543183,65.87693995,99.74078688,56.20098934,53.22148255,72.58882902,1182.768258,52.83380191,96.53026547,0
66.86228781,0.688458631,31.26028347,39.01031136,1430.606572,231.1863233,4.830344406,75.07968612,76.76091147,54.05529441,62.18459461,75.87011341,1146.440257,43.09823532,100.4132683,1
68.5501955,0.706252492,26.90242829,39.3813366,1399.13306,216.6024099,4.801442334,77.17785497,85.09295324,56.94457469,62.69803834,74.37108002,1227.319948,58.38982918,93.34892629,0
75.54697397,0.529875291,27.7974786,35.07098096,1557.301379,218.3161508,5.544768292,70.81398309,65.02767606,65.07696164,66.86826703,73.95172515,1283.795939,51.80953918,93.7787252,1
71.23131918,0.585341556,31.39907512,37.92016536,1464.401339,208.7193745,5.21920635,70.19277584,78.86407838,61.7111279,62.43436377,74.66105663,1204.015979,65.20343477,120.862641,0
76.21669725,0.494860628,25.10858027,33.60484632,1521.725132,205.0524385,5.351266657,70.04428852,85.59828449,66.50312701,76.16557959,71.397543,1211.576424,52.84384848,98.41680387,0
78.2136138,0.4945106,27.52645752,36.34184131,1484.062584,211.8745423,5.558340638,66.84770773,84.6041565,54.64666797,50.13346914,75.05349676,1254.523608,46.66307973,106.2893911,0
76.24691842,0.56380511,27.80713117,45.04735894,1541.355771,232.5761906,4.656730623,68.93955165,77.76974319,56.41073393,57.81823771,74.59502932,1287.069183,58.11921872,131.4042291,0
67.57219813,0.410880777,32.44245529,31.03446774,1487.612379,226.8416321,5.089264585,70.75703698,80.6573766,61.02743214,63.30455853,77.11189403,1169.278824,44.79056534,109.6074001,0
72.74967264,0.599604769,35.02035627,42.17987695,1493.741279,211.4846002,5.2607247,66.13903806,93.52362546,63.11762899,62.89208844,76.14020232,1086.34139,45.57485684,93.24431471,1
82.37678108,0.319801956,31.85101785,38.29546061,1502.374673,223.7545586,4.481004323,70.6322961,74.43282102,62.39969871,57.3750753,76.61550947,1183.499657,52.33033374,108.817464,0
80.18769972,0.263706756,32.54529265,46.2961662,1499.59434,231.2493255,4.079866808,77.23472073,79.03999338,60.51558963,66.68037706,75.03772731,1273.368799,50.19457914,81.20533036,0
76.30527636,0.300179932,26.7844283,42.91772152,1470.505262,208.782489,5.043736877,69.68127357,91.62573668,53.85236874,66.52542702,75.5582053,1169.905142,46.60389031,109.1940843,1
76.88650247,0.427199706,28.52429266,38.8626187,1565.509595,224.58994,5.870470743,71.27365569,83.45414182,58.37911569,66.79424036,74.63850776,1222.116813,51.56571512,104.4971261,0
75.06964646,0.516846098,26.7241983,40.03589233,1484.235167,230.1027459,4.365354447,77.59976003,76.44065083,63.03471304,72.17000502,79.39750794,1267.234259,60.27404909,102.1453292,0
62.6417775,0.439778794,37.28014946,46.88248225,1518.510594,216.3475902,5.041220883,75.29085047,80.60785373,67.04309747,63.66341488,75.55827906,1167.460317,51.95096305,111.8289494,0
74.50412068,0.465680772,29.42849068,28.04847816,1463.591405,204.5556615,5.480152584,72.22426769,83.47397486,69.15588568,63.26419259,76.37872646,1263.762351,47.38447847,87.233818,0
85.05102269,0.458918571,33.68694151,44.98059107,1473.893421,216.1345838,4.338826283,73.62540522,66.33885919,58.44266403,67.97565593,76.35682313,1143.473977,53.36884417,105.3446854,1
74.36041204,0.572238136,28.18241754,38.48909707,1440.273853,239.5983725,5.346608801,68.87253288,76.78247296,62.91918541,70.53228576,75.04536978,1188.157398,60.55171326,91.41155722,0
82.89786073,0.390960092,33.74067515,34.11913332,1504.225257,218.9097658,4.252229232,69.70583573,69.18586619,51.55982837,63.13967837,80.04229714,1208.162781,55.76584849,104.4858088,1
72.05317622,0.499392909,30.25595443,46.38482693,1425.797167,205.0384119,5.252778927,66.87041991,88.04933391,52.16520314,60.60141319,78.53162636,1256.321686,52.73763265,91.49991745,0
80.24504613,0.548918713,33.27294128,47.26308373,1427.739737,217.8284119,4.926573239,64.43352583,74.12262031,62.23351805,68.06412661,76.88423609,1225.276944,42.55538872,103.6202455,0
77.35734179,0.356172202,32.36717006,41.7573995,1586.311327,202.2060107,5.096325766,67.47683129,86.9281521,57.45053024,67.23965366,78.97650066,1198.575544,51.67137733,122.3234603,0
70.69357899,0.51845513,34.33089601,37.32341644,1477.068068,240.8266032,5.331772809,70.00891521,74.44726912,61.96228009,61.5787891,78.89374952,1128.270957,49.59958501,106.5208024,1
74.66960101,0.532316771,31.66653794,39.48284388,1525.04158,233.1550829,5.77022062,70.43986774,84.80063618,52.37168795,62.82602653,73.10930378,1213.504221,58.54854014,108.9959874,0
82.38947022,0.467836495,25.66843555,30.16465148,1583.933734,220.8446679,5.610647473,66.10312337,74.71083621,59.29168684,66.3683006,76.6198527,1159.639216,47.45867427,103.4477497,0
71.16326219,0.479067632,34.34549769,34.87985705,1532.300309,227.3967547,5.549242438,79.8617224,77.9416014,54.87138303,67.87678362,69.95586932,1203.086734,52.06320681,107.8338472,0
85.94901467,0.439438446,28.75960452,42.52982777,1514.763997,226.0873559,5.453272079,72.86222653,88.0965753,58.00114744,64.14094768,76.75486048,1222.757319,56.90061645,102.6769625,0
71.43577109,0.629699455,31.38961888,45.96367583,1535.920871,215.1236658,4.640005233,74.46594174,76.75142074,57.04061967,68.38818551,75.30426889,1181.668306,52.30614131,108.2777521,0
58.7936633,0.553875599,33.70734658,35.47692813,1537.975744,222.724214,4.921081245,71.93293115,78.10809819,63.05535453,67.95545266,74.85604262,1255.602342,48.39626814,104.5860045,0
71.47828155,0.563472147,36.03681134,35.4183954,1533.313484,220.5837029,3.890111026,66.71482381,65.56799206,62.93528767,62.89258501,70.01638678,1149.599339,45.35631842,100.5434029,0
71.69106768,0.556898308,28.77889106,40.92355237,1572.663774,221.7991437,4.622024647,65.33446961,96.1587249,55.8081906,57.471261,75.49034324,1250.246515,53.52756693,109.9400204,0
71.68688121,0.47735159,31.102445,35.17167598,1524.820006,227.5341946,4.815690317,70.88242092,75.05035449,64.76880128,55.53983214,71.33174916,1152.500215,56.38938261,103.1912084,0
66.18479922,0.638009135,30.46557205,45.98623462,1519.665353,218.1332104,4.569475164,64.23457834,80.83872502,64.48398666,67.16873805,81.51357858,1176.854181,47.80737747,90.39553046,0
76.64375555,0.523878916,29.55665904,46.09485395,1503.990074,225.0502109,4.226099222,60.56935648,77.32862514,69.96047204,58.09115406,74.87152686,1226.025625,47.62338291,87.31248992,0
73.50496325,0.457188484,33.61165331,42.76520043,1399.627157,230.371589,4.55228602,80.29922501,91.36191375,54.22682831,59.60842467,71.82556071,1221.992144,59.27493679,105.5966157,0
76.11942012,0.614844571,34.36746697,44.47323594,1494.709062,218.4609477,4.887368679,71.96987613,95.84494375,56.76063855,55.55148258,77.72355715,1212.114559,45.90473678,106.1403626,1
77.06717452,0.451725648,28.12696383,43.91065001,1445.39292,224.1875996,4.970172844,71.52832784,86.13265545,64.28579194,65.91457282,73.3671767,1242.918662,54.54381739,78.66815572,0
76.66157006,0.435648177,33.0529844,37.24942359,1510.022982,212.9056884,5.182280739,81.4439533,74.21787902,53.87806363,65.01791301,75.10318139,1275.603397,49.36421985,95.5552047,0
74.24107452,0.316379463,32.35017153,38.34939953,1477.118338,207.8310329,4.479900645,75.37610771,81.51657272,62.14176457,64.53195488,73.42888715,1212.290961,55.92149716,105.933366,0
77.85445255,0.375613676,26.2487768,45.91746833,1487.182966,221.0716992,5.491926172,81.83707182,86.2294403,52.74386851,63.44514267,77.98658008,1130.703667,54.57477667,98.52011252,0
74.3710654,0.628101636,32.09370982,43.82014891,1463.351555,229.5247816,5.727717242,72.45996743,89.60932179,72.00791831,61.42979128,73.11891644,1183.189813,57.0311618,111.3503686,0
79.87559867,0.514866746,32.67114949,46.99797323,1523.651914,212.2825919,4.942720286,71.20901036,90.31380525,62.54756782,66.00016894,70.72508648,1082.204054,55.01656656,90.64917164,0
72.11614335,0.491731931,29.62363722,42.17385032,1491.104106,231.9553139,5.072713609,64.11386791,75.67698814,61.03771147,65.82745782,74.87988838,1192.13818,50.74443302,98.36074023,0
78.24354944,0.462998897,41.77871312,45.00815913,1499.50776,230.0673007,4.730604848,67.25420529,100.4565455,56.10845723,66.34402467,74.25848516,1249.700139,52.8399727,105.8823679,0
78.78753855,0.539467153,30.11381351,40.65963983,1520.884038,222.4941769,4.758508037,68.163815,94.01500347,50.7016848,70.79235998,75.34000339,1221.091364,50.28877073,100.317839,0
76.44887428,0.497863271,26.95831214,41.16393371,1446.490422,209.5447051,4.848557378,62.33658015,75.98790793,58.41448584,62.80786316,75.51356143,1195.622323,50.25456848,113.2121113,0
78.71632047,0.561536748,34.44499021,31.06812267,1484.821784,213.961617,3.75359475,70.06260932,83.20187855,60.1199001,65.3564363,71.09864931,1197.41436,61.56022028,81.99229298,0
72.64034067,0.481471234,28.05188089,41.41875512,1431.329856,249.356579,5.26037806,69.93978224,89.2102584,52.52868235,71.37326562,77.58099768,1169.651828,55.22193026,88.60713841,0
75.23490297,0.571895331,29.18503467,39.50577399,1517.429756,220.9109361,5.252135374,69.07956566,78.30725562,58.96341952,65.07168211,71.75919882,1234.170734,46.14054812,107.4351067,0
76.20981136,0.707526087,27.69257295,33.56418216,1450.750344,220.0878365,5.099805209,74.36408542,78.86437435,47.39576497,58.42101296,74.59911681,1167.673576,43.7403887,87.56637739,0
71.74081946,0.45339635,28.74789956,50.47921751,1537.122946,218.3958062,4.657162541,67.35500793,92.66330268,64.10071797,56.88512519,77.91403285,1164.842177,52.19834861,97.69135889,0
71.21824627,0.522468473,28.35132859,34.9470089,1498.303739,196.1569321,5.351570099,68.31092453,99.83704135,52.53948991,67.84644662,73.2216023,1146.887984,46.69489059,103.0915772,0
77.52493639,0.441831909,35.92932175,31.65700371,1470.505384,227.5087278,5.666275734,65.73088456,78.2612618,59.93248378,62.60722867,73.93904234,1232.454669,44.16588615,82.54030968,0
73.44866622,0.46947753,28.14824044,35.0884821,1556.39545,217.7946177,4.735526619,76.21714139,88.40606713,55.01367521,56.65643069,76.2175508,1220.872352,52.01970208,105.8581298,0
73.03945923,0.573264008,33.11733536,35.6805852,1561.737596,218.8489031,5.036076618,73.37568528,80.41895921,66.08223694,64.43171579,73.20816319,1233.086831,56.17741885,99.00449317,1
70.45306273,0.618703031,32.35381286,36.93916541,1493.134452,215.6384456,5.073877954,65.79275243,68.19768266,52.88882749,62.5800783,75.16383535,1196.030181,44.74339093,97.06433163,0
71.59474171,0.205961137,29.79409786,34.4886513,1495.947702,220.0075551,4.974228896,73.22344902,94.79481762,63.50694947,64.08979784,70.64995093,1241.620027,53.68418562,97.37183177,0
82.61514928,0.435306322,29.07611541,49.43843829,1523.631517,216.6990981,4.726002091,68.83137971,87.14731728,50.28751155,65.55209023,77.26555492,1197.916999,45.40050915,108.093109,0
78.23844269,0.505963037,27.62274024,37.93197233,1500.900844,202.0435683,4.528969908,73.57372825,78.27625043,62.49344956,62.01309469,78.33225952,1183.610247,41.94498616,122.3542743,0
70.11222378,0.563081168,23.34209888,42.12196969,1517.202696,226.2653836,5.072163236,68.76329806,92.88433623,65.95264822,71.36241665,77.35537976,1305.347009,47.5090404,95.36215629,1
72.82751886,0.319686032,29.71360726,35.53606242,1486.862663,231.7718496,4.568010075,69.19720195,84.00169605,64.11286461,69.6526666,75.2167474,1151.982347,53.73186621,105.1367522,0
82.20636645,0.609131012,31.04302945,38.92166181,1493.393171,232.9075842,4.818826221,61.41163926,65.23342776,67.47785868,63.16488693,80.61041608,1098.949884,47.63238309,98.18593965,1
75.75196893,0.529929258,27.724514,37.18026256,1479.7819,220.2319598,5.633980244,71.57064748,65.41786886,61.83303124,64.32332883,74.51804014,1196.190619,51.02076936,102.5532817,0
84.26139092,0.333141593,27.0793614,36.70875794,1429.188647,232.5433836,4.787584326,67.34061125,95.01952965,58.80222071,69.72816714,76.72067651,1141.292881,47.13706976,105.0185205,1
70.98861365,0.486041037,33.37630435,45.3530528,1544.309559,220.7811774,5.174961858,68.51101922,61.25107936,66.8907134,61.63230176,75.71015136,1255.614622,42.86768044,95.76563417,0
78.11424966,0.424320491,34.02138316,27.33876957,1542.344105,220.0627316,5.668484537,78.32801607,56.35144627,69.02708423,70.22528073,76.71330789,1205.191462,50.52537986,107.0748721,0
84.15729383,0.513653533,28.0499282,39.62167198,1473.363725,221.4934191,4.667674451,68.27447952,76.54092719,59.84369293,63.20357348,67.83440561,1161.231049,44.90578765,101.3819275,0
82.73752601,0.579348872,26.69312355,39.96477507,1465.649295,216.6519701,5.966679874,62.9186557,75.74182002,62.65400792,64.93817031,76.86970769,1226.681321,45.71957564,96.76350955,0
75.1487807,0.502131165,30.90332202,34.92060587,1536.959025,213.5063518,5.615351452,60.83147116,91.87713384,54.08457242,71.11403961,70.52676023,1280.35095,36.97211622,96.41553811,0
74.82505755,0.717094272,29.89916231,35.12316986,1440.847191,226.2643467,6.067793365,82.9941145,90.15627884,64.66533303,49.90721615,74.43689518,1200.7191,46.16565237,101.6679366,0
74.4648482,0.575334162,28.25984028,45.44384827,1442.144169,213.7134569,4.409009002,65.45155106,90.07304357,63.9067906,62.34034246,80.75186391,1243.736981,45.70461342,104.7086886,1
81.27878063,0.34188093,32.74617083,43.27487792,1571.365268,247.0302756,4.81218317,78.19628258,84.87218195,49.63932442,61.79926747,78.22009975,1180.579438,57.92839587,92.70427067,1
77.71280022,0.446476479,32.81271041,37.64437674,1531.666341,218.5847036,4.581454933,77.2183516,90.30919338,65.74045433,69.09297309,74.76422761,1179.620533,48.28641112,119.0191315,1
70.38917338,0.637487642,31.85913434,36.40445274,1546.873875,218.9641315,5.02922474,67.45453097,72.37866551,66.34356947,61.67477041,76.45886191,1193.851553,50.27815062,118.8785899,0
78.5015494,0.631491445,31.86813367,39.8886051,1536.095174,228.5320155,5.079047438,63.50948048,94.61717016,57.2444188,60.48353445,75.72735054,1186.547945,49.49401186,102.2359945,1
72.69680615,0.565232288,30.00062119,45.79537032,1535.035031,199.2551365,5.000988422,70.06084841,73.70779327,66.39140474,67.25406168,79.36620401,1232.753901,55.98381612,96.86047813,0
73.62474151,0.619663149,33.21893414,39.54300221,1516.159274,235.1544481,5.01878743,74.74071475,79.24328927,62.06177985,67.61999478,78.86084186,1273.925694,53.76800555,109.5949608,0
77.06390463,0.743975241,26.95471742,31.24085597,1539.690923,229.7362225,4.69412018,69.42001464,109.9281057,59.68061084,67.50545005,75.56536079,1233.115307,45.92106137,102.0324773,0
82.75250246,0.385627379,35.71240977,46.18826879,1476.575194,200.9532531,5.464045305,73.51746074,74.54038073,65.12387056,61.55361688,74.93307438,1149.254171,54.50882344,102.6525702,1
68.4776525,0.539968795,28.49107569,43.47701237,1403.162365,227.5566584,5.392073208,61.09687164,81.88073357,67.17088518,67.43370751,70.84391844,1157.303985,65.93287456,95.85789219,0
72.60412881,0.577169871,32.55269389,41.58726631,1537.495012,216.9481115,5.024664083,77.68030591,81.05278624,59.48948471,65.69910679,71.45639648,1171.149778,52.6211509,110.8354852,0
78.83717365,0.56351718,27.54873411,32.26348006,1468.505772,224.8777482,4.207187147,76.76726824,94.9801177,64.90002118,61.09163964,72.78929594,1198.229628,48.25068668,86.67874235,0
67.84929311,0.409609236,30.95895548,38.1099605,1400.223411,214.520947,5.484384948,70.39219623,69.32277423,50.37011091,64.37640921,77.42696583,1231.477918,53.83921847,108.6008507,0
75.65370289,0.623609318,29.75543198,43.23244769,1546.470499,227.2413656,5.246988691,65.82864328,87.92711018,57.83004769,67.52630672,78.70946854,1161.368156,50.16935275,91.63812885,0
76.05508734,0.610708067,27.544714,32.82045238,1469.582462,220.8701648,5.5362709,71.66359665,78.88152896,54.76539125,70.873809,81.00576738,1186.649812,46.88634709,87.15801789,0
74.83436514,0.631030875,29.9068232,36.30314296,1469.599693,232.7106533,4.326373041,84.12110213,84.6330151,61.5940417,72.09532207,73.93071864,1136.339361,50.64723321,106.1410581,0
71.76713558,0.358163427,28.83860805,47.65097599,1521.034982,221.3416642,4.885997137,76.14428275,84.17095324,59.18968949,63.78812271,67.85171294,1214.657861,52.82869252,100.050854,0
83.98843263,0.497347874,30.77325762,29.6109409,1535.570529,231.526481,5.384515828,71.63497257,91.67217733,50.00827516,66.62625838,74.7815327,1196.094549,52.0832953,112.3715098,0
68.81524645,0.390372491,25.19728806,36.46187053,1519.418786,218.7571422,5.031824531,72.94819616,86.27680418,58.76022896,59.15342367,72.91870018,1253.667009,51.74913956,88.71036735,0
75.92316929,0.512557645,30.73185959,36.98589672,1515.582643,215.9253989,5.341662256,61.5956477,75.34924054,58.04421814,60.8741705,79.03831027,1280.142212,50.07516963,99.55080462,0
75.3704739,0.528257995,28.89141921,44.44518561,1534.793192,213.8701673,4.836883148,71.46974694,81.50474499,52.90061418,65.89707086,71.37508945,1187.587444,55.83645359,121.3214646,0
85.61078099,0.300626436,25.64647293,43.19330084,1510.476712,215.3324119,6.318940876,75.28362456,61.19711589,57.82430626,67.64018002,72.42162083,1318.416727,45.45923026,89.55812821,0
84.40578535,0.549669922,28.63338142,47.6401568,1390.437307,212.0393586,5.426582653,76.72967504,81.76762103,55.76980164,74.25390571,81.53188034,1168.744629,41.04674504,86.64983754,0
80.5435179,0.498554773,31.14896695,44.24805994,1531.798388,216.4922179,4.951619948,68.6593043,77.36576365,54.40374879,68.23371968,72.85600765,1168.046733,47.69012201,94.70221748,0
68.11165316,0.504886007,27.13069087,35.2384181,1505.526766,243.8171353,4.41896709,61.28163699,76.01554725,54.39551513,64.99695759,79.09668111,1274.06183,53.73529414,113.7413582,0
72.57882964,0.379035898,31.09089565,40.7404471,1551.772171,208.6616964,3.897352814,79.09885894,94.27328652,57.62303879,58.24146234,76.8615027,1164.548555,48.83046007,96.7745129,1
70.91532165,0.470451968,30.86198671,41.89819824,1530.189526,230.9180534,4.262748656,67.57160628,86.23342301,64.73309154,63.12804983,78.11151442,1239.274129,44.65987812,91.27405474,0
87.80042269,0.507543364,32.68606629,35.93492814,1533.59723,210.1867406,5.148613611,64.87017591,68.12446833,60.99108664,63.40083868,69.78694141,1170.662762,48.20047231,78.39087397,0
72.3863849,0.53506301,31.16042556,45.32585983,1450.3567,219.7450587,5.595545342,74.45931511,95.92024899,58.77002331,62.20884869,76.81119905,1190.800567,46.57222714,96.43523031,0
72.41977636,0.493933919,38.07910099,31.99864448,1497.130232,217.6176632,4.546548563,66.6005573,68.46293676,62.51616192,67.56271814,75.10243168,1149.224628,41.32133032,107.4290331,0
71.13495108,0.411519729,33.70743486,40.65532593,1511.163542,235.8894033,4.786597903,67.47255122,82.36043064,61.84631889,73.82412942,78.76120436,1233.494225,49.2190305,88.77849439,0
78.25100589,0.526912694,31.92143939,37.01512857,1504.141629,220.0110994,5.649993686,62.78037226,78.54650578,70.1108705,68.43951041,77.36182888,1156.755194,35.23088257,92.51616819,0
73.49448152,0.496149153,30.45706462,41.12108202,1514.982384,211.8717641,4.821953976,62.38832841,89.45929585,50.87171002,65.62192383,78.22506364,1240.493099,45.12450572,92.24517351,0
76.08229295,0.363019702,32.3718768,29.87096063,1567.778647,225.0615766,4.818213353,78.43774028,61.5174147,63.26739491,59.01233844,73.23251884,1227.16698,50.84701537,97.98053931,0
79.20321774,0.565590078,25.89505488,41.73780807,1449.577563,226.8585782,5.956002735,66.72615112,73.40976173,64.22636649,74.15371912,72.10208723,1188.58196,50.74028707,112.9398921,0
74.72207665,0.343680919,26.58694299,40.55686301,1399.003633,237.665118,5.481251443,51.55817354,85.81723365,63.17863263,70.61101667,82.80743962,1283.440404,45.91209207,101.2540868,0
81.35777547,0.456837969,29.20965535,39.5814102,1512.565832,215.013661,4.72510532,65.62092588,63.9529499,59.96468548,69.02427969,72.12621648,1210.07648,50.09609426,89.4895805,1
72.18137724,0.517041622,28.01903658,48.98180411,1484.132475,227.7080222,4.977438555,76.05337276,78.28743695,60.10611325,59.36357238,76.54715886,1223.593497,47.55863138,111.9615022,0
74.20996051,0.435645017,30.5918768,38.82015006,1519.319133,221.5140305,4.803308851,74.82663334,95.15413815,58.50923737,63.34110614,82.27853401,1192.707778,55.81641066,97.91493569,0
72.35119898,0.474095785,28.64025477,30.24449068,1556.977777,220.8451848,5.132127382,70.26529656,84.40353994,59.34444331,68.85025054,66.15928734,1261.79716,45.98639142,93.3205833,0
75.61004907,0.574212749,27.58705272,39.94453998,1533.442007,225.1664445,4.902263678,73.56633125,67.04741379,55.71278785,67.16726221,77.4539763,1268.088046,51.704323,104.3489296,0
69.35474114,0.497580439,29.0938635,38.03235072,1471.179021,216.5817818,5.134025214,65.97236659,81.0254144,53.0774099,65.47675137,74.13983492,1207.804537,51.83659694,105.7656112,0
72.11554065,0.212773779,30.16480233,39.19819959,1538.312149,229.5246197,4.488373388,68.44531242,86.46129676,58.49210096,74.34263594,79.10960467,1163.330431,48.16488791,87.36128439,0
76.11893976,0.479077813,27.99666133,41.21502361,1521.610835,223.8077807,4.633258967,71.63536187,67.75597793,53.19582511,69.91868022,74.08407254,1240.876725,50.10295089,100.9148001,0
76.63066511,0.399966868,33.24530018,37.14126979,1525.507873,216.0010001,5.498529678,75.15826887,103.4562416,60.61953408,71.88987167,73.1112173,1271.163246,53.57955208,102.7742111,0
73.59107696,0.501884962,28.90047894,42.40454046,1447.468834,233.621324,4.782117752,64.25146264,67.54948776,56.73431305,62.02347151,75.36905602,1144.992879,43.40861854,91.58492541,0
80.59787456,0.45625417,32.07875587,46.93174699,1552.694578,230.9898336,5.147359626,68.23367932,66.5229077,65.22012565,66.96647569,71.32232321,1111.089864,51.00516752,107.5664247,0
69.97929617,0.595313663,34.68866631,45.18043826,1529.392794,208.9681562,4.424001226,73.20973565,75.13323677,57.72328788,62.19474574,76.2995522,1191.935728,50.11692563,105.0415455,1
74.96013679,0.444814185,29.95848676,38.36491341,1519.771049,215.8897506,5.05400706,68.67822083,92.66661253,61.04674429,59.95946747,72.55855907,1235.02977,45.87106437,104.5507558,0
74.77206992,0.612605025,29.43931153,38.60003349,1480.716368,203.3323659,4.816107737,74.87911669,83.32760479,59.00963185,61.22269599,72.52511794,1299.16868,63.6798008,107.5408581,0
64.80937732,0.506699072,27.01255382,41.14537344,1542.623432,230.8771043,5.737556182,68.20798212,92.30460048,55.0677975,71.44565918,75.55430595,1226.666252,52.99789314,92.77403219,0
69.81376923,0.706150358,29.16311121,44.07750511,1459.741412,218.7145371,5.498632784,67.41941679,85.35458747,66.21413447,57.56312777,73.57354578,1245.963055,42.85336765,93.47402091,1
70.87251402,0.438659734,31.50199716,33.17087922,1416.945829,214.8746589,5.345455479,69.8170998,70.29728674,66.95728983,60.89159587,75.68871792,1184.768868,49.03999365,98.52461812,0
78.58771128,0.441692256,29.47693723,39.51042377,1471.922113,216.5485312,4.330265113,65.37821333,87.41016951,56.81561763,64.76070536,74.82948944,1216.379637,52.03042555,102.4398619,0
73.07343202,0.469088354,31.38777388,42.77028886,1518.198532,220.7896405,5.028370842,73.84984366,91.35620585,58.4647583,70.94821323,72.05883525,1139.783509,50.10832706,102.7524869,0
73.45393812,0.617272902,32.62316754,41.02194516,1522.431788,220.1945826,5.512816057,69.8630784,77.11843969,59.42524534,56.59015608,72.97178785,1279.74601,44.57429228,92.74081914,0
73.7548198,0.564828043,32.16468752,33.57707867,1525.703128,236.3673996,5.307983503,78.65160907,74.22771274,60.15810987,59.13184804,79.27169681,1268.811599,52.00769318,104.918144,0
77.71680096,0.55820977,38.95577701,27.5336459,1553.71665,213.3845856,4.962536722,62.0707718,82.01999011,69.91235225,65.72808498,66.27401777,1173.757027,45.62611888,101.5364913,0
80.49388426,0.58177663,35.38563407,42.24736956,1412.714628,232.3372428,5.606064602,66.2199799,106.9832884,55.23479768,62.38792636,71.78072601,1222.051792,54.53989879,93.78668276,0
72.34749426,0.380411694,32.04998698,37.72726141,1505.372219,216.7332675,5.265341562,67.89321596,67.91141135,56.57593945,71.11896811,74.27181423,1276.310798,53.19868753,81.64429523,0
69.61127611,0.4852998,28.1987293,46.24809453,1520.98528,224.1583684,5.196936609,69.74599606,101.8573062,56.86475693,65.43380538,79.5056374,1195.391709,43.44131654,97.66120397,0
81.91079496,0.491163704,31.52480592,38.03473621,1446.789,224.5096263,4.646223857,60.3228502,68.76804949,59.31788925,63.31966652,73.83753401,1182.57669,52.32131872,92.49741192,0
83.85400318,0.482411419,31.36422274,46.51753966,1487.361837,219.2009155,5.14101711,61.37969095,81.87459382,60.31770952,72.89472546,71.8837967,1209.510548,41.07528015,119.8522654,0
71.10847637,0.683818368,28.54408249,28.41928069,1500.967204,219.4749493,5.891961298,70.83246564,77.66791502,61.9383994,59.45751455,76.5960673,1220.393953,51.88194281,104.1537962,0
75.24260814,0.508840689,25.9467769,42.50120235,1532.888159,217.7289399,4.388389885,65.99832297,73.99661341,57.98148283,67.46002027,78.55502095,1123.719253,44.38549422,100.128143,0
72.41355775,0.486874303,29.16334982,38.00050469,1492.084726,220.3371905,5.996018318,72.99498171,83.80826418,61.47597684,60.04631541,73.36150169,1271.579445,51.43841022,85.09507134,0
78.03948255,0.421221625,29.47330816,39.56282336,1553.132865,227.978507,4.455794382,68.62678125,97.62979653,66.5800371,64.8228993,77.32163152,1204.870867,35.44098028,109.9638843,0
76.66831053,0.590393484,30.1740682,32.60277888,1391.42143,223.8265355,4.688864889,69.49006673,81.35855902,65.68227787,69.17666718,78.88778358,1348.475475,56.16141915,100.6217923,0
78.73646803,0.482504024,28.84808618,41.08312488,1451.293908,228.5789883,5.479408153,67.71651192,72.78430918,62.67173607,74.4381256,72.83149561,1264.757427,47.28044973,114.7545413,0
80.15499761,0.444969485,25.96238723,48.67468288,1449.015234,207.834192,5.170607921,70.71495317,74.62021471,51.27733556,59.47774086,77.47935933,1191.583118,45.51029007,99.22091954,0
76.73790853,0.58080578,34.02442775,45.34885727,1475.576196,217.694136,4.888263747,61.92076765,89.06787273,53.12457383,57.60998872,79.06832014,1184.718397,51.95086096,103.6781957,1
80.01766449,0.616082679,29.59716251,40.09200815,1514.862214,236.0757831,5.548610096,68.97116503,89.25676758,62.86723747,67.16874843,76.35966571,1183.148681,52.65542565,90.56014985,0
76.04191404,0.580040953,34.54918217,31.55408481,1395.032187,225.3776819,5.294038338,76.04615324,96.01074306,67.1681251,64.51327016,73.43243721,1187.885595,43.54272218,113.5108895,0
73.89517913,0.43585184,26.60938883,49.61722897,1509.629846,224.3494104,4.988781974,71.6237912,95.24517181,55.09526636,68.12408912,82.63816361,1176.868536,45.31496509,108.5134212,0
78.40750349,0.420397414,24.64240052,41.06046677,1402.531412,217.4182486,5.786199105,68.40086861,88.97655772,61.87679848,62.5856114,72.71914668,1168.318007,53.72593441,100.0016051,0
77.73548691,0.608589557,31.60351695,48.80594062,1490.15391,212.410293,4.965776754,64.74906731,73.58835071,61.10094657,64.22654834,73.5275806,1227.584012,57.47365504,91.35827921,0
81.83437134,0.501468819,25.85686619,34.69697467,1527.211018,214.9980218,3.809630447,76.37220114,74.05496304,57.46152936,60.23421248,74.51506862,1207.762303,55.02414575,98.35485468,0
66.53767685,0.548473282,30.88972664,42.98220569,1422.753133,212.5950989,4.215927843,75.36464807,66.72201327,70.02211652,71.07472053,79.48178443,1296.4635,46.25995257,92.99882408,0
74.07170512,0.215145738,29.58788463,38.33569798,1513.963392,230.4691179,5.361223493,72.98768853,81.50602493,60.18776538,66.19249463,73.1321583,1133.656122,60.85226089,92.78303546,0
75.09216967,0.446403655,33.03438911,42.48436795,1510.530042,197.9171922,4.59620433,63.57200443,111.5777128,60.01091795,62.824737,76.5878998,1240.736536,52.81046131,103.7421673,0
74.5543998,0.370316805,32.06912342,47.94313464,1534.01151,214.5899313,5.450864349,73.9410207,66.88450862,60.39789773,62.08438584,76.28212814,1128.014735,51.69764394,112.1298393,0
75.35783119,0.392786099,33.7123144,45.34189667,1469.32062,214.4682275,4.892106437,65.76751099,94.54826174,64.3830294,63.60324876,76.69349461,1141.849857,45.39708387,86.64393333,1
61.90127448,0.599626682,28.14704431,36.33483502,1477.702814,222.0084509,5.853664905,73.65949035,59.27644818,70.27257445,69.58884099,73.03401743,1147.766673,50.03492458,122.6256881,0
72.43066541,0.623828307,27.648703,38.06150042,1524.037229,223.1996519,3.873603303,76.185904,72.13427908,58.09184452,63.29829759,77.88328037,1215.996393,50.71794913,101.6495688,0
76.24110293,0.569310561,28.12296814,33.53246187,1559.655647,212.7603527,5.051769077,65.88572049,85.56874722,52.12829141,58.66361656,78.24978533,1202.998143,52.60488437,103.1571942,0
79.11585292,0.404487742,30.57190677,38.3043886,1526.161159,240.8471292,5.191216658,64.51194509,92.7468385,59.61880491,61.03432668,74.85160029,1251.79581,47.31417869,106.2770239,0
65.06215543,0.585022174,28.64943221,38.75735691,1484.719044,234.780719,5.668328679,69.21761312,93.34229194,51.58133716,59.80103388,79.68706353,1236.3018,52.67351975,106.6896448,0
72.14626853,0.432937979,28.46041091,39.2435039,1617.182703,202.0178526,5.846773567,65.72452263,73.3683541,62.95834025,61.15166795,68.02373954,1109.418008,51.28342615,101.1423264,0
75.57837317,0.526859228,31.02176765,41.03901254,1402.521914,200.240367,5.737939575,65.44191349,80.92935653,61.92104611,66.08702926,73.46622163,1208.653382,44.71845935,111.4001329,0
84.43092951,0.561277391,27.2981378,33.53429228,1485.287875,209.7002773,6.168913873,60.32517941,79.61676164,63.79490848,67.8145533,76.56606191,1192.984189,40.74206583,118.1907719,0
72.68291154,0.631739407,25.17732041,39.53181906,1501.131543,235.9832181,4.970639786,71.45689492,77.11937202,61.7087696,69.60968189,75.62003289,1169.42421,55.39213097,94.7796571,0
76.70575987,0.493740687,30.45527398,43.88013957,1451.687684,210.0482604,4.339753278,73.01822869,72.15836142,54.24386671,66.78206292,74.02577419,1172.860051,52.54522572,119.0088879,0
78.95831347,0.485591244,28.83870089,37.05364174,1545.026654,222.1780234,5.309516473,72.04067956,77.56589697,65.37264895,67.49055998,77.02699336,1078.493881,56.39436882,73.82886883,1
81.03254483,0.556091945,29.13765744,42.14670411,1533.545562,220.3754184,4.979354319,63.29937552,69.4248533,68.06434185,61.61494412,69.8694747,1137.566829,50.1001367,98.65846673,0
88.60084583,0.389641068,30.02039953,42.57814044,1482.856057,220.156978,5.438357093,66.37848733,77.47375131,57.70931505,70.59169068,75.53600933,1219.208009,51.17110207,95.11692213,0
67.93848149,0.542416595,26.28222482,42.758704,1495.595438,223.9814727,5.481962712,70.27599621,89.77847565,63.32938912,73.97262424,78.92389258,1210.636306,48.73145132,98.66684193,0
76.39510763,0.44573262,35.5458265,39.54077618,1510.569828,211.0648491,4.357000147,70.01115811,84.3356246,61.44955587,64.91036016,75.77878694,1217.651962,48.00151755,87.61838856,0
65.40614392,0.48093176,28.36765799,34.19108078,1557.301507,215.1935206,5.520477087,65.10349885,70.36603659,69.24054552,61.51769455,72.44514828,1224.586982,56.35422811,92.12448559,1
74.51643444,0.487961884,34.59710317,33.42092092,1529.626515,209.6385643,5.714380081,63.33425996,75.47309851,63.38984985,75.58006028,75.1321939,1243.451564,44.74335491,94.36446819,0
78.05185133,0.424425484,30.75060062,34.87123658,1535.171396,225.5356953,5.563843147,71.69496757,81.38856032,51.15792287,60.17392962,68.47335367,1220.247068,54.12926335,85.53242894,0
82.10252124,0.600058232,33.65387746,38.17247032,1559.078386,206.1840828,5.01116962,64.99685314,78.49531859,57.15324288,60.93167712,73.308455,1141.550954,49.2435048,104.3676775,0
76.80818013,0.45322988,34.26824441,41.12632059,1440.538377,219.7943944,5.433593706,78.02809916,80.34333389,67.45836929,66.07834385,79.42344602,1224.812428,45.03670492,90.10340712,0
74.64917144,0.531917451,28.63163752,40.90531371,1395.484855,202.5277833,4.450541873,69.71081694,86.7929382,52.17513053,56.28958771,79.8115982,1151.178723,54.09156868,96.50301255,0
69.01896688,0.326028622,29.69033474,37.35333944,1515.92605,206.5893529,6.193983853,70.58562108,89.95693754,56.05961873,73.90842393,78.02135347,1210.960209,55.75068402,92.55243843,0
78.95515974,0.610552593,37.23784626,37.58219258,1469.617683,206.1940129,4.942763814,67.82105135,91.40250553,49.04010672,77.51585895,76.24011609,1247.274865,51.57381281,73.20015514,1
66.9677684,0.672696385,35.97754606,38.19344719,1457.742302,220.827729,4.556979877,67.20602091,99.12688134,52.95519627,58.31162907,73.87613154,1153.982069,57.2005506,88.21308868,1
71.40777889,0.36331213,32.08043674,43.39465645,1452.980054,200.0111109,4.415259685,65.49775769,85.83883022,63.04619415,68.90587668,79.15351489,1167.16448,40.18320678,110.5704342,0
78.90911436,0.501557905,34.46959032,42.35022094,1368.463493,221.2347981,4.889943134,72.37875996,79.74811316,51.47607047,70.58966911,77.69490765,1235.048616,52.15369967,80.68547711,0
73.90449736,0.36434182,29.84938615,40.97025972,1470.777235,216.2546585,4.765117768,77.41871955,92.1466678,46.27350223,67.06041732,75.06513906,1117.061269,45.24445977,88.12869668,0
77.21909714,0.429498814,22.18735843,45.9336731,1495.414699,203.7299508,4.498280548,67.07799512,76.76832334,73.84186803,62.82144584,73.6211841,1136.388119,52.39755281,110.1706554,1
72.64480847,0.594955414,23.53997124,35.17647287,1467.305081,216.705107,5.015879728,67.74348568,60.1005373,60.15531713,68.08714315,75.3359458,1153.975561,50.65875055,87.84062182,0
77.39489913,0.54365598,29.87152986,51.51819376,1527.289336,212.4613789,5.734892129,66.22250558,99.35861026,66.26173181,64.59403408,81.99904925,1158.85662,42.14881673,112.2240216,1
77.4665895,0.486255149,30.58507495,40.51719065,1425.137118,225.7042117,5.173058664,65.21970724,75.02682854,63.86778853,64.27483154,75.28508366,1221.098441,58.41444194,105.5694788,0
75.75150881,0.519049968,32.65569445,51.53958125,1559.212832,217.3824171,4.959466447,75.89209659,81.46475612,54.67098644,68.74468057,72.7950747,1127.630933,54.10454261,97.12297112,0
83.22483857,0.421510169,30.91145579,36.41491925,1542.290144,218.3014764,4.085159092,69.52329454,84.78140576,49.36583256,66.81497852,73.60679466,1217.554565,42.47360412,91.42827626,1
86.57329283,0.381240158,28.92497954,34.7492963,1380.40219,237.8477504,5.599649786,75.53355212,63.47757323,61.43193372,71.58088041,72.23078281,1227.911605,55.28365215,107.9864821,0
79.28829812,0.554146273,32.05070797,42.14158346,1487.546408,221.6757011,4.323122663,67.48565623,84.28761259,54.96402506,64.33110314,79.66284732,1081.548784,54.54643698,105.5671798,0
79.11272456,0.451681354,33.18062972,40.29492111,1459.530959,227.1573424,4.286586712,78.02677981,76.73386219,59.85324149,55.11589216,72.36563489,1265.279136,60.3497387,94.78169459,0
78.19296229,0.514088625,31.42089623,47.48715842,1508.400767,232.9206033,5.289464324,76.3042476,71.18039236,64.04629314,72.70376188,71.3454718,1200.015931,53.18949158,96.81583146,0
90.39440404,0.411250782,25.9841826,45.76795172,1430.275247,215.1768643,4.877985824,79.59303167,102.1432994,60.6031738,74.50324521,71.16379244,1226.69904,51.74824879,92.94195945,0
72.04214306,0.4990881,29.45041014,41.80830531,1536.597775,211.4833783,5.428487768,77.18184017,99.11606067,61.86421124,66.93083249,71.61099762,1252.086643,41.81849107,97.19975767,0
74.89549203,0.553650984,35.98700247,45.50410699,1434.631511,217.427,4.026328763,72.28124744,88.31498867,64.97583833,66.19368963,72.02139388,1158.067118,40.68568207,96.65226675,1
76.04431798,0.377423434,31.1772479,38.287254,1525.847326,241.850949,5.431271742,62.14290001,64.46964722,60.16511654,63.47827564,74.65852568,1186.90275,59.31379843,112.2463873,0
72.3012016,0.536728731,27.7725473,34.00151236,1579.6335,221.3585942,4.477581843,71.86324093,84.13147476,57.68733517,53.54353597,73.49954196,1202.479591,51.41000271,103.5948594,0
75.33759241,0.550783576,26.02058362,37.33915718,1389.082612,208.2089179,4.885459485,68.7605994,74.8993605,58.75053132,65.04697677,77.52489677,1191.491373,51.64816766,87.26744548,0
72.37739867,0.409629814,29.01165664,40.89347358,1573.551735,209.9307264,5.357587195,68.924431,63.1272092,64.93864258,64.10184814,80.85578727,1234.377536,46.5185321,109.3841142,0
70.46218169,0.313346338,29.23513262,31.26181745,1453.220185,222.5876981,4.846993023,67.67616388,84.7962532,58.75172231,57.93962197,70.81641469,1241.908861,51.69236553,94.94982729,0
63.94432345,0.496435852,26.66409892,41.43477927,1488.92317,200.4266141,5.578003335,63.0038587,84.05824087,55.77223912,67.16531973,75.98604705,1144.390685,49.2765712,101.825878,0
76.99568057,0.584742168,25.80208148,29.33702187,1517.848638,223.9804822,5.142377297,71.66615267,76.71624741,58.34487833,55.38391857,75.87902642,1243.357844,47.06538697,113.8543778,0
80.94508266,0.591915417,30.66162428,34.46421592,1507.44384,210.2141161,4.137114438,72.70660647,59.98259833,56.79089298,63.06752555,76.31211802,1176.971699,46.61830142,94.29806402,1
73.77305942,0.559475434,29.29794042,39.51688165,1549.318825,212.3387917,4.919022592,75.42611132,72.46796218,61.36316757,59.84446973,74.67604894,1196.205061,47.07885453,95.49215507,0
75.55461295,0.543632367,30.55154863,38.05739612,1484.088124,207.65488,5.058289256,71.99734686,78.63010422,63.47334562,72.38860148,79.79433269,1224.563701,55.30892383,116.173587,0
76.35228413,0.385831089,31.44559819,46.10410649,1440.650331,221.3556342,5.775622633,78.72430703,80.03060117,48.04460717,60.18929386,78.02524791,1160.97977,48.81138313,92.09376009,0
70.84524942,0.647753008,26.03262613,37.33199847,1496.523386,218.5824245,5.712313866,67.50506372,85.93539432,64.14574518,59.34465685,78.18452747,1227.606229,58.33898967,88.31509108,0
74.52352234,0.319894227,32.05652322,32.5049202,1436.40405,217.6507573,5.534396161,68.31061112,78.47145008,63.27194067,60.99853359,71.68872431,1186.070764,50.46190729,110.387279,0
70.50792664,0.545997214,24.46143641,32.11501759,1525.74418,213.0058546,4.02907067,76.41397484,83.95914221,59.40170549,52.54419296,70.85804349,1261.428604,51.86397079,88.92538591,0
81.76936187,0.402838596,26.98812788,47.44556554,1451.789996,227.3305428,4.3572045,70.71188956,81.68651368,57.62437361,72.4927318,72.5899187,1191.728797,46.37807417,88.82858239,0
69.5947173,0.521319663,29.90568249,40.03940092,1492.494152,217.1516306,4.899899373,70.36931717,68.41396736,57.04590826,69.26507594,78.96877848,1325.16189,45.9938982,106.6735528,0
69.89383591,0.525373966,28.18805812,46.2475245,1500.157386,232.270346,5.723281646,58.90715017,70.11470992,61.56031066,68.43413748,77.37523582,1248.263219,44.81336901,102.0613538,0
79.77000882,0.428159273,32.64699919,48.33612056,1539.892189,218.2470547,4.761724288,63.5452889,72.12963721,66.06589594,68.34719186,77.02647254,1091.941895,50.65064719,111.629896,1
79.06758609,0.559740007,26.28267877,42.3673595,1544.565184,213.0764923,5.0219144,67.36002989,63.8282811,56.94499438,70.08978526,73.3861681,1154.420331,53.04954561,76.0801811,0
85.76591229,0.647117033,33.35219645,31.58670653,1549.722369,224.3163163,4.914163173,72.35241498,78.15710998,55.95326658,65.71702981,71.6711719,1157.766137,49.87584843,107.5156323,1
79.6201351,0.551390785,31.86620997,44.66564036,1506.31571,218.9503229,4.435075071,72.22447948,78.96187516,66.01789027,67.60607896,76.28643354,1130.675529,45.1911879,110.9707531,1
80.63282515,0.532579632,34.55785177,42.75398786,1531.330682,220.8298742,4.827761396,68.07755439,85.6147263,63.38497049,66.17464063,74.09839204,1131.68942,58.76687599,88.44991503,1
78.25695626,0.589492438,28.643729,47.61619311,1407.033161,223.993176,4.347705278,67.96512817,70.21734351,62.6644586,64.43936778,76.73255086,1261.53229,42.47925735,98.46919496,0
83.77397091,0.689988193,30.07170913,46.76101339,1475.794075,222.9879778,5.016198107,69.76100375,84.09140923,64.96314051,60.5308339,76.86713736,1133.339147,51.75980537,113.5971821,1
69.46737046,0.464683371,33.09174176,35.87173159,1531.170357,231.2823978,5.16888305,72.41395062,78.6225894,67.59211015,56.67307681,80.03572189,1219.105859,48.84644514,85.9156851,0
67.95769352,0.610969984,33.07112864,35.81539648,1528.898926,213.9614107,4.300159248,74.97279118,86.38186999,60.03274329,71.36099277,79.64945582,1161.541884,46.24549817,107.6295826,0
77.36618812,0.401751261,25.72812854,34.01605677,1617.453789,216.3106056,5.208400787,59.67348612,85.57408557,51.453868,58.61457719,78.01009768,1220.460629,45.80688163,104.4123982,0
84.24478047,0.557963317,27.27673146,42.04026423,1487.569207,218.2388757,5.128626711,75.51860007,69.1130659,65.61713644,63.9029384,79.47349921,1267.969261,51.8885588,112.4632981,0
75.64052207,0.559355672,24.26323507,38.01402342,1576.437393,229.7571338,4.466983914,77.98698647,76.08975333,55.43705901,66.88777366,75.78792596,1190.646287,48.72812791,104.3802361,0
66.37541084,0.67359638,32.48842453,37.08200337,1496.046633,220.7660907,5.239501572,68.45466882,76.22613483,58.93036767,69.11494296,77.82485704,1200.949954,46.71020936,96.58768779,0
78.6923329,0.668392769,27.91586061,43.05108085,1510.237944,224.9909582,5.477042551,73.83194238,77.97661093,61.08344549,65.61764601,73.48173213,1216.345543,45.51833334,91.37693064,1
79.6564006,0.432837663,27.54222642,35.71613953,1510.318089,208.7846985,5.750137305,61.36994691,84.66444597,56.54861883,67.16770805,72.7650637,1211.973349,49.90159623,109.4370163,0
73.0614922,0.333750801,29.07657459,36.35769189,1415.766621,214.0017861,5.515329904,64.91207611,92.71899545,59.85116756,72.35854449,71.61280673,1214.568723,57.58173733,98.70209171,0
78.57000247,0.594077119,34.6003011,46.65287452,1517.97379,200.4495123,4.625600102,73.43428956,66.73737838,59.66943803,79.57054608,71.87564114,1296.111228,62.20461983,104.6959648,0
77.57219417,0.474916698,26.55521013,50.23431098,1543.808458,231.1854994,5.090994941,75.89994265,79.59082465,66.7790267,65.96830882,79.59055687,1106.677592,52.29737529,111.3828144,0
75.06500946,0.330704319,25.17701692,32.66607405,1499.535572,206.9841202,4.921487586,75.93538839,96.00097847,66.28806556,64.61038632,75.78604972,1100.634489,48.99873087,114.9194306,0
77.22131656,0.474109503,31.83740638,39.24142783,1475.854508,218.3174087,4.652425321,69.01953395,81.47076827,61.46642215,62.47276395,78.92140627,1195.336967,54.01993248,94.50445604,0
76.83299123,0.447138332,30.88267239,39.44245586,1456.086837,206.5022693,4.616977399,73.88114252,86.65334535,55.99888632,68.86773808,73.8344788,1160.399821,53.505656,99.48286889,0
71.20433669,0.574209537,30.09839099,45.52950212,1469.626386,228.4229733,5.219726345,68.75513172,81.23429182,56.38415781,63.32428431,74.39049441,1180.246655,42.10327419,114.5137546,0
73.20353955,0.542406104,34.16501333,39.18938012,1580.476033,211.6581515,5.902787216,61.72387644,78.71601734,58.32242084,60.77648501,73.95034395,1200.582585,46.68418812,88.84579996,0
76.44584322,0.626570784,28.23339952,45.45430835,1391.089434,249.2727009,5.046027569,65.54228255,76.5624348,61.34206637,71.35044013,78.0989227,1290.712641,49.85246201,106.7102601,0
76.35789419,0.48398672,28.76100653,41.28599485,1494.267958,222.9746205,5.445028866,65.3745769,80.63232147,60.90152526,65.27347433,79.72716135,1284.13238,54.53171618,100.1920342,0
77.52023258,0.760168311,27.85272003,37.19696182,1514.828847,208.9188754,4.690438526,75.10812382,73.75165382,61.14962173,70.93207795,71.90240017,1173.500353,50.40562292,108.0272757,0
72.38569986,0.641093238,29.81398797,42.43780149,1539.899727,220.3437531,4.993850775,68.89534138,83.35847265,56.99626035,66.40445563,74.99326139,1126.604091,48.46655892,115.5767927,1
82.01397155,0.563873022,29.94221886,42.45603833,1547.889581,217.4237951,4.619087664,67.61080075,84.18704578,63.40817112,68.49606219,76.97196329,1214.251737,45.38890361,109.0111178,0
76.07046872,0.439863236,36.07292887,51.40825918,1564.20479,225.560221,4.663104947,69.5905281,79.29163152,63.09034247,70.38646837,74.15828488,1213.043309,47.4101635,96.77477881,1
75.05116531,0.468359155,30.10245725,43.60567681,1446.013184,226.9891969,4.459042816,68.87096625,76.1143178,65.16594932,69.69867741,77.35039694,1140.580766,50.46210574,79.06821978,0
82.93008408,0.570810868,33.58232821,29.23808228,1557.969052,230.2689462,5.459935758,79.83458481,88.06676402,55.78350844,70.21095288,74.07535222,1232.80581,50.60751505,101.5868332,0
72.65262807,0.604955272,31.97773701,45.41345527,1475.586308,212.6576668,5.570033923,76.73285831,76.87163527,61.52575418,60.76186394,74.8323106,1181.597086,53.24790666,91.90433198,0
78.16959511,0.663911681,32.19229236,40.94739911,1441.027017,240.6822604,5.484684651,76.43191068,87.88291657,53.43766348,65.73207146,75.54438319,1172.413107,54.32292396,107.2582115,0
77.80392263,0.457059446,29.42728862,42.12722432,1445.48958,214.8983919,4.451428175,70.32512316,92.36832466,57.61968721,66.07055491,70.64449576,1283.93919,57.30340166,101.8147788,1
77.2959004,0.424784359,26.11165001,35.57375657,1467.467009,239.4224559,4.43392543,66.81095654,77.00930915,68.38227481,64.59592213,78.33489442,1098.282207,47.34470415,95.81751085,0
79.24801049,0.583849077,27.57520284,41.69011741,1489.576589,210.8178783,5.218117852,65.10872531,101.90417,62.03545192,64.12866483,80.50240369,1280.099633,53.62795088,97.2120502,0
78.54178224,0.546769317,29.31135403,33.33611301,1561.499518,204.1939606,4.770070369,82.0938889,102.4092656,64.29135215,63.00836494,73.28429145,1236.049458,46.07716504,99.9788832,0
71.99146694,0.474262346,32.42136779,27.55836323,1543.111176,207.638642,4.18303852,63.17947003,75.85083722,59.93987986,69.11711592,73.19010945,1221.564191,52.55049366,111.1763244,0
81.00606961,0.57368439,27.31396103,44.7919291,1539.592966,220.3149156,4.989071626,71.81502142,56.45517077,62.35006831,76.49984562,78.20834216,1144.861181,46.59324197,88.51416685,1
69.37255476,0.49221628,29.98043605,41.97909891,1474.381288,220.9315834,6.098323027,68.04215011,78.33185259,50.63379944,61.59923817,72.24821507,1277.859332,46.39860712,100.4320405,0
78.16390933,0.398417818,29.84063804,49.60183751,1499.702265,236.4354151,4.865024052,69.85891061,63.80826943,52.33700883,62.56416408,73.69242794,1195.167305,35.15815785,102.473333,0
79.32877597,0.398524327,25.30727516,45.29364265,1534.934441,226.5443103,5.464466007,66.78408329,93.38592138,54.46633506,67.57830315,75.68197772,1246.025479,39.9249578,98.17758176,0
82.21882302,0.434623366,34.56301868,42.85253604,1548.478451,228.0959444,4.665772545,63.05109928,74.53592381,55.19610221,66.58043911,66.01888019,1138.772153,59.14781298,92.45395618,1
76.7889368,0.51252245,35.41304433,40.92587768,1512.182861,216.692251,4.723869374,70.69825837,41.63344452,68.32096027,66.45866363,77.72050244,1216.543177,50.83483812,86.00656952,1
76.22483286,0.543693817,31.47605654,34.86815396,1597.417132,202.9809777,4.928170235,74.25795523,105.8357366,66.98380089,61.74356268,73.55951315,1163.583537,47.19823422,104.9243734,0
71.73335384,0.423002677,26.00905912,36.33421901,1609.811157,204.41213,5.321150618,70.07513875,76.00173266,55.04454432,68.15709303,74.71084609,1166.845391,49.1561403,97.37025086,0
68.74443212,0.432225503,26.06334242,41.66303755,1563.628508,212.5483223,5.563675045,62.95540449,65.99928766,63.07480616,75.74353147,71.30223281,1193.330484,54.55875062,92.27026566,0
82.32824384,0.552283549,30.17979789,46.00130875,1608.496829,219.4209225,5.124725473,80.24354129,56.14886301,60.94315541,72.72420731,76.66391612,1170.183766,49.20399144,96.8093708,0
72.20539076,0.246971248,29.65131287,44.80152398,1477.572858,226.7238934,5.010546374,65.46892334,66.48709597,55.82813194,61.14365292,82.3196234,1267.33365,40.0000672,105.2756812,0
71.88429737,0.435377269,28.35519362,37.37668796,1368.759147,222.4313466,4.439791041,80.01213734,98.69066504,56.80403233,60.67784843,76.40559377,1259.456489,45.44359972,81.837335,1
75.66484837,0.392725697,29.41590811,38.26786747,1529.369585,226.4412377,5.216176357,63.71717332,69.12251325,51.40534794,73.4615651,75.40182565,1174.016276,49.89333809,99.62113299,0
77.46225632,0.397232486,26.70809242,44.14114845,1526.548783,214.5481376,5.21856339,77.32605252,72.5850175,58.80697234,63.96419155,74.67345412,1201.830183,48.15558449,90.4192062,0
76.71362673,0.286432579,32.79657469,39.53527897,1490.215073,218.7686356,5.047263784,69.79375936,68.37061013,61.95940631,54.23205944,79.15461328,1169.05056,42.8536656,99.43493875,0
70.10618142,0.705749547,30.63385108,45.03566668,1564.563692,217.2332823,4.696088054,64.73726404,90.48116759,59.81218245,69.42221219,82.57011999,1237.682214,53.66674004,108.6239058,1
73.65062532,0.561915426,28.17989912,35.13310581,1486.122787,224.0943853,4.747850992,62.13505371,75.63736968,55.13586054,67.49779454,70.08959441,1201.00069,50.83501461,101.6208569,0
76.92032724,0.566288127,35.24875171,40.72760599,1432.153222,213.9805556,4.05016486,78.82456903,72.04344866,51.20895562,63.40849493,74.94140883,1214.72884,56.36455109,112.5593704,1
70.40674027,0.523321613,27.22660204,37.35851477,1440.683179,218.8038038,4.624635196,73.72293199,73.93916168,55.92657173,66.42283395,73.14980967,1166.439446,51.37230089,93.35732135,0
83.14307773,0.475130887,29.60558221,42.86872211,1558.672114,219.4295883,4.327332256,66.13728944,81.57634558,60.57238029,57.41668727,74.43850336,1215.463919,35.89915589,102.4634795,0
75.02556728,0.591632767,25.3387237,39.35241377,1493.391532,212.3313596,5.116521476,65.61257989,84.35546319,60.53614644,62.99940169,76.68472041,1235.455719,50.49562896,99.216133,0
79.16961077,0.469079092,27.6900118,41.58179161,1536.547949,218.9302853,5.488215689,70.5309146,86.29360633,60.96494821,70.28713644,73.03189573,1209.902846,38.14557313,102.1112478,0
78.56499215,0.618767939,30.94846787,35.74732361,1533.268447,205.0596221,5.071653153,74.511357,83.27170553,64.95963155,60.74901127,76.52092904,1279.344983,57.35700174,105.9600867,0
73.73715924,0.516936082,32.04064832,43.32708412,1497.008693,231.9108585,4.699807154,69.26430248,57.84177575,55.33440456,68.81834075,75.94882134,1124.653885,55.78401974,103.3394505,0
72.46528412,0.619064627,28.42189547,46.15000286,1551.255458,214.38662,4.917459717,65.4515978,66.69773744,62.22484158,60.15935701,75.09042198,1238.409706,49.12320913,102.8983004,1
67.60706877,0.426540842,30.84190921,35.92312186,1471.68027,206.5182295,5.126868648,67.19034943,57.44208669,54.58991107,66.94323623,78.64801962,1137.680325,40.80181064,106.8028717,0
78.37409746,0.311815095,25.45007235,36.45105504,1503.784747,208.0344207,4.717469763,67.76061178,87.19599498,66.67253067,59.37899952,72.07340119,1141.639526,50.50803859,102.2459948,0
67.96268113,0.593431991,27.41167271,47.95291036,1420.891162,197.9875653,5.636357367,63.56197358,83.1606787,63.74883314,71.99241997,79.03285373,1197.747776,47.09278457,81.74487891,0
79.38681145,0.551617829,30.28011712,37.25899851,1503.46849,220.4092475,6.045547136,68.23956126,73.85856469,51.12008877,64.10646558,77.66779027,1127.010666,55.53911641,110.3638591,0
66.20630257,0.47231867,28.99776831,45.50661479,1475.85862,202.2603038,4.766712964,62.21524457,74.66995918,70.13408558,58.74891987,76.69102096,1186.343393,49.86626849,110.4377696,0
70.45987962,0.467965269,31.90625409,37.74420571,1474.115371,221.55325,4.926329887,76.45230371,101.2099357,59.02754258,61.42596371,71.00426067,1231.909202,48.29347743,95.83684743,0
69.98735318,0.240895771,30.78375159,39.17184295,1535.793637,228.9491056,4.882363045,74.32034991,89.55703971,62.41266855,77.86376195,79.26726887,1228.360895,49.33237132,118.5785015,0
80.29212243,0.477874638,33.37306008,42.22099164,1505.124232,212.287997,5.676400267,71.01191685,62.20561075,50.10490653,70.53230885,74.75437747,1188.027245,47.94413302,92.37418571,0
73.3210765,0.502421946,35.42791905,37.51533987,1540.699043,227.8640621,4.450480388,59.65812142,96.17044925,51.49429763,66.36807291,76.1015994,1127.491842,48.53284299,120.449388,0
76.6135928,0.352108843,24.6712943,42.29084057,1529.572108,201.9295861,4.009017757,64.04062648,74.35710147,58.02476574,63.19384904,72.9576733,1172.191772,42.46250542,93.50923666,0
83.48228184,0.40254707,34.69024008,40.19723524,1498.062855,238.9873498,4.854773042,65.61191322,71.2580073,54.62448476,62.2270338,74.7041748,1239.165212,53.14542705,99.88389886,1
75.57113824,0.533198033,31.87652405,56.21546485,1619.4186,224.5049572,5.524199944,66.42967441,86.443105,61.29443758,65.23105802,76.11316121,1194.320907,54.73275681,97.87310266,0
75.98430618,0.60470983,24.69277229,38.9669436,1465.555723,223.8316819,5.408653102,66.08704319,102.5403811,59.96259602,74.92838206,72.7720225,1146.476588,56.69259754,105.3585694,0
80.36815875,0.302070019,27.84350284,49.27751657,1583.186642,232.5228366,5.128686553,76.55302956,96.83314576,54.85194514,73.12665155,77.14364928,1143.220137,54.51339071,98.61203599,0
78.07967803,0.365402032,29.59650965,45.28684153,1526.344896,209.5284243,5.233215644,69.1993493,78.80441243,58.86053721,64.55714466,73.59260785,1201.542475,47.25324954,109.6609286,0
82.61562039,0.654210995,26.23047932,42.55749788,1542.835124,224.3086242,4.486959578,64.70394146,70.12477038,55.36918368,61.47122219,78.78773222,1205.32527,51.39910798,108.3922514,0
67.42127943,0.581080827,31.45162995,36.05330747,1458.6944,232.2803021,5.92319796,70.7391037,81.35428835,62.36319881,58.31511021,71.95412288,1174.832163,57.70728597,96.2774348,0
77.1480911,0.312482753,31.7850884,42.930829,1486.719772,203.7445597,4.955727893,70.56985334,58.85306401,64.11341213,63.70617794,70.34692145,1222.447136,45.89580521,102.4959248,0
75.97922628,0.477653402,33.69262354,44.29007098,1440.551829,218.5512144,5.840746229,77.71368184,75.48781173,53.61281698,57.14837093,71.90974184,1112.110629,51.35970295,76.16887819,0
77.57517634,0.429800831,34.45234809,36.13670277,1524.703196,231.5983997,4.800267255,71.40615246,86.1226981,65.26273655,72.5805809,76.35016401,1241.647272,65.48294448,88.2851687,0
78.45071996,0.61965715,28.11220982,36.45489521,1470.168547,218.0975916,5.695127664,75.19006264,88.77547553,65.55455572,60.27545639,74.32001339,1237.49692,50.21512243,87.30076913,1
75.41141995,0.478886976,31.18139189,38.01160153,1531.380315,207.5017966,4.998815542,67.75652159,84.84591379,54.55328681,64.97899042,75.36182564,1143.582433,52.20954461,102.4246297,0
79.06431059,0.526739231,31.95135028,34.23324745,1450.767261,226.9632286,4.826614212,66.42243507,78.12772678,60.64999113,70.43240061,74.09829183,1161.070648,44.59174452,116.8600695,0
70.36534764,0.555832691,31.31021566,38.80944782,1549.881604,232.5254073,5.708205896,79.91816826,74.81362003,50.3721632,65.2015385,73.34027699,1102.633006,53.06313189,93.01526242,0
79.10951252,0.450624342,29.05178143,49.09030961,1505.657023,221.0079107,4.614590599,76.27259351,81.54031842,67.71403387,63.44801932,75.58490312,1222.74379,46.81900779,94.95284538,0
79.13591625,0.471932492,36.26861617,36.23782381,1524.575282,238.014301,4.868346097,71.79840424,91.21188143,58.11234426,63.9971441,76.53075667,1183.510087,55.64478368,91.31168512,1
79.81688065,0.602257043,34.74162206,34.22818666,1478.361306,227.9460038,5.789718946,66.28806815,62.31868967,64.69484734,52.61603967,81.80697483,1277.917498,45.47799749,89.57224943,1
74.07548932,0.517958178,33.98679996,38.8863965,1476.543457,226.1279074,4.588081565,74.25359697,68.19539515,52.55357868,54.57834189,70.63186052,1173.807841,52.17270049,85.54600163,0
75.48060388,0.429159323,31.04940007,33.91358654,1430.227575,215.8948152,3.824772074,66.02014813,84.96634615,71.52818419,66.4504395,73.46107727,1188.605786,62.20894293,79.29726455,0
82.20058608,0.508958068,29.2234368,41.81557814,1488.214438,221.2590139,5.268739352,67.69846619,64.54943593,62.50564638,64.14888104,75.13938382,1168.761371,49.13092575,97.99555017,1
67.02786171,0.395308902,27.83478734,42.45714726,1524.365262,208.1223476,5.165056895,66.84928585,82.33865101,63.57618292,64.68348389,74.52255159,1237.8528,44.74226221,99.45745397,0
83.77670421,0.607250734,33.50876998,39.61389477,1445.697271,208.0959226,4.589092586,69.94767435,89.43715506,61.40117973,66.98763878,76.82985416,1122.96211,51.29709996,90.97761797,1
77.00855861,0.402693106,33.33806512,33.22276248,1559.774033,210.7244667,5.341606202,67.22359752,75.64098531,60.69659815,58.78749582,75.29246682,1175.355754,45.66513272,85.61573281,0
75.43523534,0.34434181,31.84731345,43.87577747,1481.844167,220.4128746,4.360823686,74.00350974,79.17302255,58.32107031,61.71582266,73.34122795,1199.453047,52.00569131,95.66488179,0
68.39771693,0.355994912,27.51450893,36.43913068,1495.258788,217.8861577,4.814110494,56.74085968,96.64641822,57.60015927,64.24926084,76.02735264,1240.734222,54.50387566,123.9301229,0
77.79895224,0.508243975,28.53839124,42.32184932,1637.760887,218.6191767,5.342225239,70.96703184,67.96086351,52.26215103,72.90169885,71.5908745,1181.559837,46.56322783,105.4525848,0
74.68660451,0.530883301,27.25142425,37.61177209,1475.251726,215.5815107,4.863577727,67.70987408,62.44494411,59.13227791,67.27823455,73.25525771,1190.220338,54.11055424,98.31860354,0
64.63304884,0.463317559,31.7460797,44.3615769,1418.433244,220.4600639,4.667153268,59.92549384,95.69628587,61.94212307,64.6992275,75.02301958,1206.577582,50.37203336,93.25062143,0
78.4302573,0.389679163,29.81342695,46.92266024,1457.783798,219.7990125,5.750421515,64.14537553,70.94202787,56.93788555,62.4900402,73.2293341,1204.252293,44.71374269,91.91736175,0
73.98477307,0.53017919,28.30567799,47.3327043,1497.130465,224.6897808,4.591054079,65.09605996,91.78843444,63.73011976,69.51760342,70.54806282,1208.384577,55.19193019,99.88410216,0
74.74880945,0.480634054,31.64179439,35.61613109,1552.890709,227.2851864,5.441143246,82.02418771,85.84622952,54.90099333,65.00111974,75.28220952,1205.875881,47.63446293,97.17687958,0
84.06224279,0.555148538,29.41060025,37.23539581,1539.835096,203.7661747,4.685393925,75.83264168,87.79828641,51.13112434,75.03204319,71.75147841,1205.761993,50.46953241,91.84688885,0
79.57701059,0.603028345,28.47557941,39.71705756,1542.979244,219.8299393,4.844804504,70.69039204,60.15312059,70.17765728,60.15758177,75.66252531,1239.519554,56.0413737,113.7274967,1
68.944919,0.485239741,27.24394047,33.80473649,1456.07631,222.104963,5.62767489,67.79862682,93.83194515,57.01513986,69.07797122,70.28857486,1254.404623,56.0494698,109.1517215,0
80.71877022,0.418974756,35.27586145,34.66882534,1541.580839,220.1568224,4.103461801,62.85547697,84.31009692,58.30665473,63.65689188,72.84203494,1142.900696,43.67555578,88.420663,0
73.84532735,0.618738605,30.046855,43.91436867,1419.164331,234.4779642,5.553115779,65.01385856,82.46906063,61.57485936,63.18572186,75.6237602,1110.24354,43.40953982,124.1835575,0
83.32737222,0.595030759,34.66248126,38.14708619,1431.74891,213.7185626,6.467703103,71.05004154,94.78121226,64.61522414,62.93789965,71.32339583,1313.704678,49.53700302,87.83214359,0
72.11548172,0.424658213,33.105748,40.69530199,1529.264972,198.2203227,5.377479383,74.16589716,67.46598282,64.04179775,67.8953815,74.15915186,1195.118965,46.84777405,93.73499784,0
79.85785475,0.416079033,29.86956915,42.09102878,1547.293482,219.0892414,5.06883097,75.14590218,71.31232455,60.57422545,64.93358456,73.97394796,1243.219575,48.61520453,96.5523342,0
79.14702791,0.546642998,37.86237927,33.64969456,1462.532116,210.2007443,5.079378025,66.32594551,78.55133245,62.02517693,59.43467949,73.22655951,1237.950649,50.52271123,95.11987197,0
82.26692239,0.544194065,35.11231655,45.85858957,1512.062012,203.2553054,4.701260571,75.82797448,66.33801662,52.32937653,63.60844872,77.46576445,1224.080692,56.53308535,104.5228999,0
72.48262173,0.532876241,32.15455718,37.94253428,1582.810413,220.9782717,4.272472697,76.54932585,82.81211683,64.97207264,59.25129272,77.92841607,1173.812035,54.70533276,80.20680205,0
71.36431412,0.438823091,29.23146074,30.84427561,1498.788358,224.5206784,5.436076553,75.20028945,76.56664824,61.99998276,57.13884728,70.70665757,1145.741316,47.93919427,112.1163963,0
66.43432735,0.365287371,27.23442056,42.52794621,1454.966431,222.3962752,5.058415087,76.9433226,89.25281893,63.1845404,62.64872142,75.3550506,1289.227944,51.41224882,114.5079947,0
73.19516917,0.55866938,26.94995061,42.66679622,1495.864249,220.6837157,5.236572727,72.04842672,85.10535378,62.42367324,62.44658031,73.28479253,1179.749446,59.84225645,102.782046,0
76.21900357,0.608578632,25.08154751,38.25280336,1549.134157,232.4456516,4.785182511,77.47729123,84.76430167,53.68518532,52.53805174,73.07666504,1099.088294,56.04161643,92.51928196,1
80.26901026,0.554329803,26.12018113,46.39432907,1451.512814,227.7075021,5.933731002,65.78073061,71.98516078,58.58620336,65.27585319,74.6367737,1224.075382,50.53334828,101.6561513,0
82.2078431,0.454290374,29.07455163,34.61311962,1470.116616,218.0237953,4.911254058,76.74567553,79.90840961,57.15561512,50.94685842,77.74113496,1186.672635,55.55572608,102.1138065,1
71.50137246,0.479097674,31.44674686,40.78346864,1542.155267,230.9018347,4.915849788,64.09513758,84.5838901,59.51893869,61.56697734,73.26797395,1151.716604,53.4859131,101.4147895,0
74.43835975,0.441947655,32.60746819,40.87643389,1470.999183,200.3267494,4.396120304,80.55648167,89.88608793,62.68403735,63.66050633,84.86328356,1212.910137,51.30328077,118.2246334,0
67.24668284,0.532135722,31.31542722,39.55382923,1487.84694,224.3600578,5.15098045,69.62827335,77.26993252,66.10275302,66.62172856,70.27107301,1297.984199,49.8819101,106.9369796,0
77.36298741,0.338368939,28.40708731,39.38971434,1547.891982,217.1887452,5.254841539,61.64119363,73.63117611,59.28209206,48.83717284,74.65801034,1190.756241,54.11171149,83.53488613,0
77.2837661,0.813774853,29.29033414,38.80249039,1553.004487,226.0258027,5.903044559,80.79560577,76.42584952,54.8270102,66.12210019,76.18988382,1239.437702,54.12334312,94.98242239,0
74.71527188,0.456451363,30.37064309,39.46831499,1505.589958,200.9505555,5.429916781,63.82148489,71.99409658,56.93394054,66.00697279,80.23230955,1152.923304,42.36209529,105.285392,0
72.95962313,0.471867244,28.77569748,40.25830488,1471.467978,226.9007368,5.353615687,61.3946124,80.18252461,60.51690998,57.79329127,74.98757225,1178.258969,46.70470155,97.52649073,0
75.85684141,0.454111574,28.77215269,40.7848648,1538.293914,203.0772917,5.609240107,67.93052529,78.16754757,61.47832776,63.91634105,71.60087296,1194.929609,47.57204944,94.1304179,0
71.61419144,0.649072614,28.9289124,42.8703561,1509.971199,231.9331101,4.855712441,76.97717041,87.12481764,64.35851293,64.24835813,78.30117868,1233.534359,61.922989,89.29491865,0
66.65297359,0.62210337,30.52563426,42.51372404,1475.614731,212.5405787,4.825921302,74.92699856,77.66393039,65.14802181,62.94369785,78.94903451,1200.1599,47.82403334,105.0409383,0
82.25571804,0.362809886,30.48005468,47.25463774,1445.39394,209.0377968,5.559447299,68.03281052,82.49609458,57.05042302,66.65306631,75.71362547,1226.898798,51.0871954,116.1806848,0
64.80383911,0.581573721,26.94100698,46.73112878,1388.476599,213.8278775,3.690933401,62.88561546,79.212116,55.84964752,70.13859374,76.04302063,1276.900814,55.20321221,92.37377084,0
61.74515096,0.584062003,31.65689981,39.28926732,1457.191508,202.6973727,5.192874984,69.97963581,83.84966416,55.37537092,65.32892345,74.70721833,1225.111736,50.16417905,95.62177877,0
69.71144536,0.564719594,31.51641048,35.08852983,1358.046067,225.3843496,4.554625568,65.08837864,87.85345603,54.10111625,62.29350453,77.97170048,1196.062356,56.18102489,82.83502423,0
73.76240682,0.49629632,29.27550766,33.85778084,1560.122562,216.4402592,5.162018221,64.90565021,91.42207393,60.82929513,63.4626955,74.78991067,1263.440383,47.29618323,89.67357302,0
84.82362566,0.486154402,30.2278658,48.47861439,1559.429841,219.6341003,4.809618298,66.9716,72.49589872,61.90622328,58.66684002,76.76530854,1123.1487,48.04555866,88.64987902,0
87.2287599,0.481952009,31.79638317,43.46427878,1502.793197,214.8901083,5.383739672,77.52531019,79.88002655,57.74815904,65.90890616,73.89865749,1203.770456,62.42656962,89.62204527,1
75.062962,0.406673204,24.87792613,40.88875053,1501.620351,216.9637393,3.849264141,67.65326767,83.8292171,66.67785228,67.69105803,80.15531885,1229.185571,38.73733243,96.61091454,1
70.80391238,0.497444593,28.57133738,37.2222661,1573.109797,227.0935251,5.037254797,68.64816652,80.79047802,59.08229839,63.88712536,72.48117488,1131.457898,48.13470666,115.0652864,0
74.5197005,0.339803419,28.10526681,44.11639958,1519.210104,205.9518306,5.833628421,73.03644508,85.78909818,61.62629749,73.00453996,75.25603187,1203.836643,48.76146401,95.12455444,0
73.07722228,0.446729916,32.75536333,35.93798826,1484.832497,216.4631424,5.34796605,59.39956392,96.9762378,65.09268714,59.14033035,75.56102316,1216.218299,53.88146795,90.81683863,0
76.21843606,0.500304602,31.26291883,38.78659362,1509.594887,224.278144,4.943166655,72.059765,79.83945961,60.38792695,54.99146999,73.45359218,1183.618328,46.37540329,111.847439,0
85.71972045,0.419632543,26.36648421,33.59772214,1421.848285,223.0783237,4.889109298,66.859253,90.56101252,65.88500318,57.54876238,74.71718185,1192.174808,56.55097428,105.5143654,1
74.28810257,0.650133365,32.48919725,40.63088952,1480.752856,231.502674,5.153225431,73.49732123,62.94040905,57.86714374,61.24988659,79.56192029,1158.356836,44.96018883,87.19387855,0
76.28014867,0.394631758,28.99458666,37.71075807,1460.45591,225.7934676,5.405852786,83.55165822,82.07139437,62.0925728,72.54155374,73.98004883,1161.514645,53.49199561,104.3008916,0
72.89906591,0.490141187,32.85434783,45.90945546,1546.175431,221.6058943,4.913577163,70.95562117,85.16396668,62.61260383,62.23604541,72.54599345,1222.958066,51.14821528,111.0121958,0
68.61625712,0.567134008,27.21990507,38.79667413,1513.213414,221.394978,4.696369293,67.74899054,77.2416004,55.21932149,67.2070988,75.05637153,1182.887743,51.05317723,84.82746139,0
88.16191032,0.637365855,28.64502157,30.15538429,1514.748573,209.5772841,3.807547246,70.62774293,92.69255672,65.23356357,64.98259576,78.70629533,1180.046473,45.79475785,106.2732812,1
82.23488942,0.661222063,35.21655406,35.71750881,1532.972562,222.1896392,4.581297137,70.77577671,80.84865458,61.92606326,64.49913616,74.14743635,1208.52215,51.43959811,92.65048123,1
76.29861251,0.451115058,36.16963069,30.84158876,1497.34466,218.2074897,5.009799808,62.57406919,90.10379313,60.87801775,70.6526331,76.78824448,1237.602319,58.90699858,113.4354651,0
79.69141903,0.690119069,30.55150355,33.05728723,1525.351014,222.9523258,4.525523586,65.83200859,71.84090465,64.66905213,62.16096079,74.99856385,1279.738099,50.55533737,98.00070077,0
75.76862553,0.555248995,30.05744333,30.58424896,1421.717598,216.6310487,4.761723099,69.47820775,100.7734344,67.07055195,70.15219393,80.3318843,1208.696176,53.09231196,95.58622497,0
73.77128468,0.393760647,26.73110089,35.94499568,1531.866234,227.6050612,4.510846025,74.72655886,82.52194854,58.91586475,61.06138783,76.52966174,1215.469522,56.42458392,100.9686603,0
72.00303677,0.451208859,27.12854726,45.95274297,1508.809491,213.8022787,4.280794417,71.97686841,83.06347534,54.66283034,69.74944534,74.9183576,1318.723314,56.13052293,97.31967413,0
73.93276424,0.47752346,28.82396208,39.31502255,1471.961955,220.3402959,4.639514946,77.0972784,92.84104695,58.34067569,63.92305856,75.75610194,1132.222907,47.12345696,93.04170054,0
79.36228664,0.460835143,28.60051386,46.15111088,1489.718607,227.7140179,5.482384947,71.44014184,98.41815609,69.00764204,59.76112527,77.37201696,1219.602225,45.50563095,101.1274894,1
85.46193638,0.548650164,35.0234773,41.28987991,1446.166044,222.1030304,5.653036102,71.22478547,96.41428628,51.92625069,63.62258842,79.81110557,1179.32806,50.08984958,97.42683499,1
75.93227157,0.444641176,27.13818174,33.72538666,1482.634886,232.0257651,5.026263184,71.38776257,70.12953821,51.64426418,64.07561622,75.11870917,1161.844682,54.60526564,97.28884852,0
75.73356843,0.659864717,35.17408995,43.55274551,1443.997629,230.8151409,4.437172516,69.39706406,83.04492202,58.64864816,61.56107853,75.8377203,1190.692589,43.57814012,93.48295852,1
82.26767039,0.490166037,30.55422174,37.49298927,1515.349054,201.4698152,4.394919528,65.17605131,95.28331563,57.33273777,67.74787158,77.80026886,1156.420476,59.94442319,81.22960845,0
69.35146573,0.67722516,26.22448527,47.25500719,1597.259754,236.6992278,3.662716436,69.80036768,66.37956629,57.13090043,65.92059699,78.33203305,1163.773387,52.0071483,113.6103736,0
72.44392162,0.608004807,27.41673627,35.26053641,1563.075963,219.0247462,3.975242742,74.22227936,82.11209399,56.60047052,63.57229187,69.52506676,1221.451978,56.93982792,122.4468226,0
71.18370422,0.462779322,32.76540451,37.09108983,1559.006409,211.4365148,5.559843889,69.63446349,62.55239612,55.38824335,66.14241089,72.54085493,1161.392552,46.37542923,112.2357966,0
78.22687975,0.395519081,25.40667749,31.11994123,1454.970482,218.2240401,4.724706466,61.02928244,86.13460166,64.34399169,60.22780687,71.53955241,1183.968776,55.123869,95.72165784,0
78.40945745,0.497359424,21.75748547,39.67961118,1531.622711,205.2122288,5.09014744,70.70797893,97.37984985,62.72229935,69.32837326,75.12156883,1206.7759,56.9121667,105.9964364,0
70.04731837,0.530263547,26.45756155,30.45321956,1455.962296,217.2627075,5.585905072,70.11540329,88.79014155,62.85472847,67.36407535,71.9452383,1193.219938,55.26560726,101.4699228,0
61.51556679,0.481285573,28.8884757,41.29330574,1430.363226,213.9243121,5.276452614,60.63497085,57.97086647,62.50950117,74.81776417,78.4408886,1259.874427,50.1103385,110.2869872,0
72.49121478,0.543004165,26.33786272,41.54999492,1488.784051,243.2467331,4.83348119,59.47708601,82.35135299,57.97952344,65.87836856,74.900796,1277.914748,47.88997052,94.86200247,0
75.93383382,0.597519763,30.7239658,29.11467477,1506.932259,216.1612526,4.522690949,77.09517806,79.00685662,59.41009453,64.09133231,76.25673483,1298.628995,38.11215085,106.9693063,0
70.3108748,0.504059169,31.41721883,36.61502431,1468.684236,228.2723611,5.791058376,70.78411508,75.53356953,51.47612128,70.9831356,74.86051026,1237.942388,43.39395384,97.18976803,0
76.11066886,0.526712665,29.75820075,40.17356874,1463.048567,196.9578806,4.544837829,72.13981313,71.33115415,60.78673284,62.12406775,70.73382451,1189.48212,45.9845771,100.7462801,0
75.48538775,0.492839874,30.98023429,30.91010387,1445.068979,201.7923972,5.372680362,67.6156177,69.49562371,63.48619023,62.80575005,76.47301184,1229.406898,47.74312384,99.84312033,0
71.94241099,0.518958162,31.15896995,47.14428854,1456.586952,219.8210502,4.746905469,73.64909681,60.45406996,56.58962601,55.52709425,75.89938462,1207.30053,61.10160929,101.1108835,0
76.53900884,0.55131058,35.8624723,44.97790757,1550.35786,215.6612654,5.284136689,69.1397932,76.90490114,58.37690163,64.03422388,74.35868926,1131.998821,56.04684589,108.7621258,0
75.9904238,0.399345743,30.51551802,40.80244812,1512.304181,233.7846736,4.944340576,73.79893618,80.6832213,66.52417382,68.36378394,76.56733563,1223.660853,50.84842545,104.5262403,0
73.91159398,0.497497304,29.03799712,34.09062937,1502.21794,217.2758998,4.907451175,67.74873306,70.9734564,69.61756744,65.49507225,74.62254195,1281.750358,47.05829971,100.2717717,0
71.61539,0.549403019,28.02565053,38.55725652,1523.013581,223.4166023,4.818434177,75.25024521,75.76309283,59.64547319,61.64492577,76.16144495,1254.12685,51.19283063,91.89342444,0
77.35707778,0.474995349,29.30842612,42.95674621,1547.440655,214.8193098,4.853657271,65.57014633,81.32597672,58.07603988,58.42280867,78.08387701,1211.151015,47.93094941,99.03638714,0
71.77440123,0.534650388,32.77864621,43.46361378,1552.699289,222.8918367,4.751322814,59.59629737,76.37500997,63.62414687,63.23726879,76.22583224,1274.141643,47.25597489,90.83361307,0
81.84315779,0.303364341,31.54276427,45.31970494,1443.360752,226.5589214,5.254844616,72.69882256,79.67496107,60.11552173,67.5345786,73.88989016,1169.623955,54.54468748,120.0294708,0
75.2278592,0.491171795,24.08968855,34.64573791,1469.457118,209.439692,4.9079838,71.22557142,59.55370996,60.34453067,60.53091785,75.57785744,1156.973807,51.90168325,87.49974344,0
79.28199397,0.366597451,31.386518,43.5616108,1513.177541,219.5870731,4.461809406,70.16721734,75.89970588,50.95852336,63.67085817,74.15966698,1253.655901,46.1587234,101.8706894,0
82.8872664,0.550084447,32.27376555,35.77529281,1507.898716,224.0605612,5.581688028,72.71101503,82.8203621,63.97931906,67.75064241,72.84708259,1342.129686,40.24549767,98.50414685,0
79.58930974,0.583352896,34.53346479,41.49079233,1510.533423,214.6142633,4.821086033,66.31485319,69.43888431,68.38600255,69.97189365,74.68923632,1135.141785,50.48448938,101.4476549,0
75.29609217,0.470459859,32.56357568,41.82070148,1607.746434,211.9420035,5.908377815,68.33269653,68.25797704,66.52481344,72.2726923,72.9299622,1280.739163,48.41698279,121.1208933,1
72.94061517,0.536736551,31.60388726,39.83859694,1484.976703,205.4907211,4.298566921,71.32145105,81.81253948,70.04236505,57.42713245,76.52560595,1125.240121,47.91122438,86.59027964,0
69.82378839,0.538115838,30.7182135,38.11849638,1433.343582,217.2248638,5.497986839,73.79750019,80.23385215,60.26186384,78.16193102,77.48729532,1184.592619,50.13743817,109.8783442,0
83.16205652,0.488877394,24.66423725,35.60838461,1514.544853,230.9210678,5.036668372,74.36994876,88.36484138,58.76540836,62.86700182,75.84278549,1169.764057,48.79800762,105.5537966,1
80.28561113,0.342360784,29.97209904,38.31872631,1640.732722,219.7796514,5.766436678,69.53562749,72.93293232,59.6957524,66.04843032,73.23594444,1216.444577,52.16060122,99.53838056,0
74.55132153,0.555560447,33.6692492,36.95886746,1467.215614,233.6807935,5.097538463,67.20418082,86.67065473,67.94573651,66.44669453,72.5247081,1127.157119,50.89357562,100.9852602,0
69.87806179,0.407932641,26.78683896,45.86378423,1485.412068,224.1746509,5.154146032,76.796488,79.13662142,56.16766784,64.21795361,70.89802062,1172.424213,50.8340803,109.0822252,0
74.70237322,0.507600539,31.21288426,40.23001374,1485.660288,212.2098058,5.386619993,70.05940217,97.18363996,67.4685488,69.47465031,73.27889057,1195.533207,49.58556508,99.18720452,0
76.12046241,0.497269546,28.39259561,37.37060162,1473.718453,233.6322898,4.876832359,78.63981918,85.68644616,58.38462129,59.92168385,73.64022142,1187.382326,48.26005225,93.86746185,0
72.7785337,0.502079371,33.60023687,41.68072482,1521.089004,221.1339439,4.117306206,74.97149413,69.31479246,62.8487946,66.44075021,73.22935616,1239.183024,56.83373368,83.82378541,0
80.81581876,0.390768724,27.97287576,44.40703764,1432.071299,208.0027473,4.954015767,74.52481021,74.6785611,54.99495228,74.84378655,72.84454804,1191.954753,56.70665035,86.16982191,0
77.44687281,0.532435928,32.19561211,46.14607392,1465.025239,220.4782532,4.974440653,77.71138314,88.31211103,56.12196819,68.89565313,75.23381189,1121.138518,54.32635579,112.2047639,0
72.4119435,0.443783197,27.19048088,44.75007914,1432.996396,203.8219939,5.27550853,67.03767272,77.24104279,69.48061638,68.3360947,74.41563114,1089.286591,38.43070252,108.9585088,0
74.8208698,0.507682189,30.26597277,41.01164398,1423.12076,226.0952605,5.092485288,63.13960406,73.8163498,52.01190135,69.93930791,71.65462121,1214.70082,53.49212567,90.49824538,0
75.98277388,0.589683932,29.0362717,40.48835188,1459.802579,211.5817837,3.946555443,68.00858483,86.85619374,65.60342853,66.07462982,79.70337453,1236.343526,48.66404217,90.97089993,0
69.37678954,0.555623001,34.61379576,37.98462005,1496.946216,214.7642401,4.950845076,70.48717055,90.0641104,55.4633672,65.88954196,68.92026667,1163.992301,52.09107539,94.35697054,0
83.8272712,0.523378591,29.43263883,41.14498196,1524.649323,228.1937327,4.152872052,60.41325557,113.7738292,66.64897183,68.99534037,78.71210938,1222.643716,56.46876578,104.8731316,0
76.48060139,0.507863519,32.01144185,45.20862332,1529.774545,228.8915382,4.428330504,83.5539715,91.5350285,53.68567623,68.36566846,71.07870497,1267.255859,57.79192006,106.8677549,0
74.04830661,0.620836623,29.16071949,39.75955746,1553.842407,213.4832488,5.590945021,80.62278115,92.09010199,63.63583994,65.43602496,73.00850069,1237.292826,56.43126043,123.1751623,0
72.37122489,0.439428508,29.85404295,45.13493132,1509.895833,236.8452483,4.936740552,66.02005545,92.42862563,54.97342437,65.49994082,70.73731804,1181.945642,54.6419434,105.3972368,0
70.0519759,0.45526781,34.21010991,35.82838477,1466.640546,223.2781107,5.186766842,75.50868931,76.60469843,60.92481294,71.49935622,72.78378382,1193.913137,46.835962,95.60317991,0
69.64957617,0.463038966,26.55692583,44.56736866,1552.003091,228.336032,5.541572606,65.29298415,78.52807249,51.08942459,71.05083048,75.13172491,1241.604601,51.74506134,117.1511822,0
76.39984313,0.588310978,29.3955254,39.10453357,1572.09725,230.3860607,4.386910321,65.96174721,82.18718266,57.50376193,71.91567823,76.43276646,1123.570601,44.72489622,109.9808417,0
69.70393239,0.502127158,27.92837684,37.93192167,1574.83552,205.930566,5.167984087,68.72761962,83.32372333,63.70062832,63.87138684,69.98074796,1194.481762,45.93437953,111.3209688,0
71.7368801,0.519473619,35.961828,40.4334885,1395.705106,198.4626943,5.582030076,67.4469575,93.28646412,63.01890735,67.46597844,72.56349158,1211.577053,46.78424795,97.0883623,1
78.73126783,0.387323253,26.60979198,32.96592495,1442.325379,191.0048612,4.821004783,68.60813516,64.62292191,71.61304613,66.68300714,69.57723105,1139.362969,47.84499447,107.9290537,0
68.27774744,0.570821442,24.88838524,38.98737886,1543.438625,217.6355116,5.221158434,69.03195244,76.17182519,54.90597401,72.17928232,73.3483981,1246.960143,52.494572,106.3319518,0
64.6627895,0.518102156,26.12321191,40.7049135,1527.594299,211.4938675,4.308329612,70.45584073,77.63462617,55.13918891,64.56492388,73.36804976,1168.54002,50.31215852,111.2441415,0
67.88873145,0.593259083,32.57876366,37.42390803,1420.262202,227.4515086,6.249215242,66.86289633,87.57176821,66.47603536,65.35834277,74.92981812,1193.206348,53.99623229,93.1595397,0
83.97278932,0.639568381,27.27094975,45.95949667,1449.276014,210.199377,4.550600095,68.22896806,76.66952379,59.89539481,55.25204914,70.42444369,1134.110012,48.78741775,96.40159539,1
80.40390363,0.35424485,28.94423605,37.24724034,1484.719469,225.9113612,4.789400592,70.2984594,82.25256682,61.01971929,69.58283807,75.69494421,1247.297048,55.49117902,108.8695261,0
75.14372411,0.617312464,28.29050122,48.34534763,1448.629822,218.4803262,5.211217486,71.94409455,70.23379684,54.41336496,57.42792969,68.19276818,1274.009154,49.76625273,94.98353321,0
75.92418062,0.595287455,27.72515379,50.2103802,1564.046979,216.6856863,5.24600714,81.58818394,82.94082039,57.52147027,64.39155657,80.18498814,1158.763301,42.56422882,91.86977148,0
78.62883312,0.424820895,30.24598667,38.57922451,1358.124678,216.739875,6.182703886,77.47515155,87.26511622,54.1408435,63.6871217,77.7091745,1228.038063,43.88818596,115.3553077,0
75.83226104,0.515985639,30.65032669,48.04390428,1558.318527,227.2099695,6.220610861,77.96482048,84.35211528,57.845019,63.09381356,75.2142625,1307.860794,58.91012056,102.0082429,0
67.40315017,0.622766899,26.24281967,41.8380992,1511.692401,211.823176,4.806838762,73.59584333,81.14941772,61.09535781,65.24547366,74.0859965,1115.799799,48.91024547,118.6572736,1
74.58924411,0.440433871,27.15325044,37.09675849,1516.34277,225.3089431,4.500952686,76.76019683,77.17759408,61.27063844,61.64728419,72.50613631,1251.244322,47.12331316,105.0308925,0
69.68848143,0.661371127,32.01858371,31.34399348,1553.518258,223.9263412,5.93430161,72.96164774,82.81192018,61.22049222,60.72258652,76.08762927,1147.853587,52.18976131,113.5929142,0
76.50773671,0.5364961,28.4603593,41.25736804,1481.366221,225.1935875,4.484487362,67.83305217,78.40251502,64.55472202,65.61709567,76.46763547,1235.96638,46.9774307,103.8602462,0
74.93876614,0.653075083,29.11809916,44.56885811,1534.068116,214.6123916,5.659098534,84.71524168,77.84803676,67.0534616,61.12598911,76.04809066,1155.803853,45.85798389,103.2856312,0
69.46832513,0.61487657,31.17139455,39.53306571,1452.454464,216.6475592,4.817359571,66.44348387,64.96953141,62.00320819,69.42788541,69.63296283,1169.798506,52.32233735,91.2907673,1
72.40864891,0.707674798,23.11145714,34.41406769,1404.417972,209.3074551,5.06697919,66.74055709,87.77596062,61.5116145,72.83427354,73.71002577,1197.106692,46.26107448,93.79977051,0
68.2007193,0.342912385,28.75141679,46.62716055,1475.173413,218.238665,4.417974684,70.42797352,87.34106336,63.18276603,60.82585045,76.62977089,1196.784477,49.34409923,105.1006659,0
72.34871191,0.556550965,32.0461562,25.35275655,1563.382576,229.7604072,4.246737371,64.72005094,68.9871351,63.88898815,60.05563826,82.32376754,1178.776204,45.75291265,93.32217606,0
74.80222423,0.468094606,31.71938344,39.17832397,1524.30924,250.9829943,5.769571173,63.29755679,74.85911196,59.74245403,55.48120297,69.4012622,1151.866573,47.9897535,110.0187041,0
77.02490855,0.344410435,32.76495034,30.71049274,1497.124112,224.2388948,5.503303271,62.64436797,86.76507476,51.62209775,65.03065725,74.22682632,1186.689352,42.15450488,107.9274018,0
71.87590711,0.507005216,30.13054401,41.60839271,1500.080952,220.2041717,4.216005867,66.84379432,81.31119325,52.69848782,60.86817357,74.67415004,1259.662114,46.34070395,104.8292995,0
79.92161199,0.496677001,36.6563407,35.15977121,1567.542617,207.7232004,4.710943271,68.62024274,94.20184939,55.00589565,62.2543676,80.62567617,1219.732204,49.25635206,103.1470994,1
75.24042473,0.654324353,31.82055178,50.33953169,1538.193018,220.1304337,4.979331398,67.98310127,82.11879179,62.20880325,60.26717741,76.18197172,1266.660528,53.12555273,105.5496716,0
71.13587393,0.432650938,28.68984079,31.71688396,1592.832372,222.9096473,5.006111774,67.04302635,94.85477369,66.03267862,69.48249835,78.31343311,1181.46147,52.2194642,100.3395689,1
82.74967203,0.596408717,28.27919468,42.21501065,1480.587847,220.502277,4.426420244,72.5807202,78.7756401,57.34294299,62.62232777,70.97037183,1221.703424,52.4135638,105.6381656,0
71.3453498,0.577966053,28.24614681,32.61537536,1511.643404,210.8935491,4.772400548,65.49003675,76.9932564,66.95416774,68.04868862,72.41613569,1203.617261,48.96321616,109.8456985,1
67.21685413,0.540981866,30.74792579,39.29812471,1528.868176,216.5679407,4.875315187,66.19119815,97.44311115,62.71211985,67.94078632,76.54082788,1225.533807,52.6079758,84.81578014,0
72.61171277,0.207864952,28.62809503,43.02060445,1509.812047,217.4604829,4.411119271,73.03973784,63.63596981,58.44107213,63.14534448,71.5147461,1270.340376,57.58144225,93.39618629,0
72.03803038,0.569638745,38.84728328,41.61487252,1534.523634,209.4877997,5.634291618,71.02727844,90.48203968,59.39489484,63.04164695,78.29839131,1199.747956,54.41812274,101.7205892,1
72.26570529,0.488193147,27.31479047,36.35961451,1485.839098,210.7758702,4.684875352,70.71022239,66.00657834,61.40674174,66.22617924,73.22635314,1197.244928,52.89788924,112.095314,0
77.5882951,0.407264687,22.41131977,35.02425759,1580.216955,202.309497,4.499342673,71.9285542,100.5124694,62.86235706,73.39089961,77.6191982,1215.334847,47.61327571,104.7304527,0
77.04126378,0.498058039,31.68864258,29.90756068,1447.693946,230.2284147,5.073649,67.9792142,82.92828844,66.34806631,62.40932972,77.8091404,1127.135036,57.55641562,99.62107168,0
70.95753199,0.538193545,28.34838945,39.07077124,1565.558375,229.56295,4.952444176,68.45519993,65.41241607,66.87798482,67.9954488,78.97002277,1159.762409,49.37356689,94.11308301,0
71.22308534,0.550109417,26.54695775,40.89238332,1445.693685,222.0228041,5.259109475,71.46676018,77.27573099,54.21501772,60.29309257,65.89803191,1160.185491,53.50110956,75.81224533,0
82.89606408,0.589519322,30.00361643,42.43018145,1364.780418,230.4848265,4.839420481,78.03957531,81.01723208,58.98697114,70.00410249,73.6001431,1230.521991,45.92204114,99.15033403,0
84.23318498,0.562157189,30.97217108,37.93889627,1587.406853,224.9288397,4.102904067,72.0578286,70.11997182,59.03509316,69.58886075,81.05332744,1140.707384,45.66714723,99.58719227,0
82.66369457,0.55792915,25.94198914,31.56327826,1458.769387,221.1410149,5.56238836,73.31823174,82.56997446,67.06884824,61.34593437,73.23172977,1248.42494,43.76829853,102.175135,0
73.76411309,0.618891337,30.21611058,30.12256114,1494.259888,210.0169322,5.472944078,78.19480264,78.45350293,63.31084377,62.02663506,73.78154575,1265.008826,52.97661644,102.1229962,1
72.67135123,0.51975996,27.71182566,46.62898324,1429.721847,227.3354781,5.223268253,70.16092544,84.31022958,53.5083703,69.25704968,74.61210763,1239.377166,45.01121109,119.192813,0
84.48396491,0.556390912,26.22726642,40.79026745,1487.68083,218.4938599,4.923001167,69.43093731,87.22674825,55.00531812,65.58330876,77.8896796,1195.706805,41.46328523,105.2000438,0
81.23042596,0.47610679,27.90968454,45.14728741,1532.615308,244.9741513,5.120438379,73.74872738,91.20936512,60.9355355,68.89848091,70.15989529,1194.33226,58.9155726,104.1809143,1
70.58071282,0.49803622,31.27766162,43.56356014,1554.865009,230.2944056,4.284584399,72.25077817,86.43668753,67.68698365,66.36258995,69.26144594,1167.07632,56.72937502,101.3775841,1
73.03330594,0.466618051,28.727291,39.34969853,1449.111785,194.7772208,5.027501468,64.37406949,82.14168941,61.84962807,62.33228187,71.27138524,1194.998607,48.86912356,102.6621526,0
81.72710023,0.433185591,34.23137744,40.23467451,1538.589809,224.7665104,4.980418942,66.34071346,91.90474985,64.45938817,71.76379515,72.08643039,1197.771655,53.6928302,91.91205882,1
75.888505,0.359368254,32.62355122,39.2483977,1513.954193,207.6745969,5.600965835,68.06943612,72.65328906,57.71161504,58.76719017,74.76045254,1257.044799,61.53844114,110.5603037,0
75.45880388,0.650075979,29.58166117,41.17012227,1480.582653,223.3443851,4.33171575,72.79361918,83.59055093,54.67158651,66.79458792,71.46890511,1283.821171,55.09964303,94.41183708,0
77.48357077,0.639935544,27.97446518,30.46096221,1456.82532,215.7624032,4.442959321,73.92592541,79.66974736,63.82701078,61.60752635,71.46546094,1258.740703,50.05868185,97.75759044,0
78.92900079,0.402834327,30.79206024,46.81281426,1440.101679,210.0155915,4.342279346,65.35536759,76.92753774,57.77102343,53.28760831,71.01192282,1135.929251,56.5752403,88.05841344,0
77.57523843,0.359739473,29.06082591,44.50199294,1457.157407,209.7413189,4.96836302,63.64818977,69.22279254,61.23635726,65.05010576,76.46052621,1264.916724,50.70994725,91.68028892,0
81.38832448,0.502818116,31.82016918,42.66003099,1468.498751,218.7096588,4.594735685,75.10817607,65.758324,64.15080686,65.07347048,74.25876169,1234.099665,47.57522228,88.4046445,0
80.58647916,0.637443809,35.24208959,36.94307376,1430.535063,228.5813907,4.122857574,80.4970376,90.5077429,63.48525489,64.24301254,73.52715315,1150.261414,51.26591848,102.7509348,1
74.93251388,0.539922312,31.42907331,42.26754356,1442.442313,227.3100063,5.251249848,72.50458665,94.11356862,62.44589175,67.52182533,69.9970042,1193.784953,50.83169433,110.8686349,0
73.98903674,0.547469823,32.66296628,39.99843164,1476.770946,210.2125916,5.014387782,65.13850878,77.34935003,65.16194699,68.56938722,71.60703783,1294.844437,43.20399366,100.1265446,1
76.70877988,0.630174129,29.30879786,35.91891378,1465.686043,233.5101575,4.987800716,68.41958519,96.30129965,56.02141168,58.85252421,77.55294804,1183.563759,49.08640769,91.51633464,1
73.79381971,0.322696753,33.61798355,42.57647161,1512.010292,221.365974,4.333775826,62.92237967,82.37642656,64.3390273,61.53521498,78.82219075,1232.694631,46.85056881,118.6803292,0
77.06465727,0.461182318,30.02118948,42.51392213,1396.829842,216.528135,5.069514343,70.09023626,81.48780635,60.16386819,62.36149294,85.13330472,1224.461701,46.09597524,90.65391087,0
74.20030735,0.575915516,25.90213287,40.38578248,1416.355305,231.622596,5.367238373,75.89432969,87.70463596,60.84115271,60.69780766,79.10934331,1190.132242,54.69285534,106.1288407,0
68.10340386,0.469196572,23.73891894,34.51315841,1437.772875,223.6036872,4.325037181,84.32606012,62.31843088,58.40046361,68.44356372,76.22545601,1211.583634,57.29580497,100.8936074,0
73.81590697,0.527899416,29.80160216,37.37775932,1475.911701,214.9299134,4.401667204,77.77599267,59.52562814,61.34526347,51.29786789,74.61852421,1196.382626,56.10582875,96.38565804,0
76.55625077,0.541953244,34.35978199,29.47176529,1537.828234,219.8020566,4.544756648,70.97701611,64.48462579,67.95397871,70.76456628,75.322575,1179.724832,45.01905377,89.43729592,0
78.75693562,0.685409257,27.4457807,28.9159058,1455.108497,204.9712939,5.169677906,73.35024836,91.28847488,57.97652072,75.58662072,74.14894134,1195.569695,47.15319404,109.3861108,1
75.3214001,0.504381147,34.25880901,35.76574517,1593.440892,215.7115207,4.286990941,69.71301268,75.67362484,57.54227793,61.68654258,83.14445082,1132.087151,50.57576157,118.0441083,1
72.00312489,0.553665275,30.53046262,42.84880179,1553.596493,216.0267675,4.592994665,72.87020965,91.64990883,58.03324438,64.60705804,72.85081712,1234.497014,45.11122799,87.03087387,0
76.16024969,0.351510203,33.29145814,48.14234277,1501.365669,236.7485967,5.03783677,64.91044255,83.32376834,59.19116359,61.6329288,73.62990257,1242.50182,51.81225434,97.54180873,1
65.43359878,0.431081218,27.1802907,33.01440907,1509.934,217.6231668,5.547089774,73.66040476,79.44147817,60.74404381,62.67024511,72.66991784,1242.338555,59.63172703,89.46530966,0
77.20007225,0.764434335,32.62814038,40.30042997,1477.011769,236.7344189,5.439481987,69.05153253,86.26877064,60.29954887,66.23923141,73.87221526,1256.684425,51.03919192,111.0417516,0
70.85502495,0.433190955,33.15584285,41.69276438,1478.820071,217.9133163,4.889200153,66.69487473,94.53840237,62.10623689,74.53745336,75.65792674,1211.353153,50.78549325,101.4328667,1
70.71958087,0.508614388,29.80942628,38.01885161,1446.007878,235.4032398,5.13459046,70.84873884,77.90624387,63.99250669,63.14988767,72.09674298,1225.269451,51.0242865,101.6502526,0
74.08008332,0.608598212,30.01108702,42.91368792,1341.478713,207.8519386,5.598584014,62.84322576,76.22576599,58.50225294,61.45755949,72.91295777,1249.765145,53.71104981,123.0408978,0
82.0467372,0.507685188,32.53547391,41.34647376,1490.807305,222.6859358,5.916948273,74.26674489,93.42721861,61.97440745,64.67898103,70.75661097,1163.860987,58.3756497,111.5856549,1
84.3808542,0.65615112,27.22730057,40.39071531,1428.366436,204.8747103,4.288885175,71.57169342,83.70340267,68.73245316,62.94038383,77.27191267,1129.659473,58.38842045,94.16657067,1
69.20817655,0.551308542,27.11986111,29.58950648,1581.78989,214.308518,4.722491649,65.79614055,96.66663259,58.03636881,65.97581024,77.16191769,1104.868688,46.72717529,100.0981374,1
73.39307079,0.469753031,30.14932106,39.25515345,1525.162603,211.9847241,4.777596581,61.31097692,66.47134111,58.93877845,73.11764605,72.8269091,1228.608657,46.99897888,94.78134483,0
69.04348251,0.598176549,33.84493139,46.64320414,1467.508656,218.1585418,5.046188396,65.72753269,84.3594763,66.98922154,67.51273123,76.96666307,1167.025228,42.27700137,112.4555681,0
76.62083176,0.43904878,28.32509474,45.60928928,1507.724683,218.0629462,5.478652411,71.77669098,71.74708039,57.68072785,70.66463194,74.7904444,1258.43614,49.29379089,105.715307,0
67.96669452,0.600104609,29.38658634,32.62933934,1504.890665,210.2359995,4.910242713,76.95960444,76.89603196,65.76174319,64.19980663,70.03308192,1178.592733,53.03118597,89.55074965,0
71.37128093,0.523836898,29.11017762,39.09248419,1485.745287,223.6674641,4.538905547,65.9505495,73.06195582,63.25482839,64.63515284,76.82695334,1199.252796,47.01688153,101.0132718,0
70.40287883,0.475584336,28.93787787,40.20662816,1494.459372,204.1777683,4.598900296,68.04795631,64.69720864,52.38413768,59.73835265,75.54101607,1180.850039,49.23635028,101.6056212,0
68.25907289,0.573881048,26.82327724,31.80985471,1501.310238,212.3293254,5.166684926,70.82620025,82.77515859,60.51539111,65.13092575,73.92260512,1151.926409,47.73323275,104.4570914,0
72.13168997,0.631711507,26.47321618,38.19980366,1574.098038,219.4522164,5.416578883,76.86135658,103.0594659,59.74022615,72.02158141,72.3545445,1179.997128,57.22425144,106.209334,0
68.69558023,0.533088023,29.61735264,43.0162375,1553.76717,210.3421737,4.715150519,71.68138945,75.90659425,55.96740084,62.2093337,78.85006373,1246.298306,47.34955207,123.4285701,0
75.56758673,0.51335409,24.82257981,35.69148465,1604.659897,213.5891873,5.05672802,66.12518588,76.83320454,65.71783022,66.72810172,81.40596337,1302.829291,47.85408855,84.15672422,0
78.28276804,0.467516862,31.67307318,41.56592237,1504.208412,208.6982127,4.217688936,67.98467066,72.38058762,65.95586522,71.0604536,80.41700663,1208.524234,55.76125326,94.15590225,1
64.38052138,0.715730821,31.03136364,41.06287015,1466.657564,210.9123033,4.74241455,68.43661415,80.92627588,53.70467544,60.39088172,70.71082727,1165.853245,52.6297209,116.6304226,0
72.16851135,0.424572415,33.34296508,46.59151162,1589.936251,219.8572965,5.749048817,73.12451797,70.53509204,55.9279859,51.3877293,71.74211049,1239.299641,47.52751013,86.36896919,0
80.6778282,0.43070948,31.81354598,34.10979566,1473.097612,209.2148726,5.062943265,68.11117556,86.41541645,55.37865799,67.01258105,74.75563204,1199.683293,50.1903901,117.0976325,0
70.71421222,0.639200229,28.92766373,42.61071273,1474.539332,215.5367948,4.847277649,68.20520807,82.97160024,58.05760047,66.11997484,73.65104942,1215.148115,44.3901594,115.9222507,1
71.53545202,0.490111035,31.56754232,34.62343803,1423.641607,218.3087731,5.339364035,67.90518277,90.27479343,55.02571824,63.64351718,71.31035065,1263.526461,55.37813397,104.3001352,0
78.03004976,0.475874235,33.13526542,41.53806334,1493.567028,199.1420756,4.418478675,68.50151972,86.63597869,55.95518054,61.4676225,77.24909406,1246.945442,55.76106832,116.5191434,0
68.77130611,0.531978193,25.91047799,36.91179162,1378.680396,214.0871521,5.478768582,74.95595556,80.91124867,61.73263509,64.91068923,73.15191737,1239.994364,41.07129359,111.1816855,0
76.87849009,0.512003133,33.71683906,42.24609361,1487.009993,215.597408,4.246732985,64.36368104,80.59905257,65.35840187,63.72406414,70.74952942,1322.429349,49.8177634,92.27491394,0
77.81484618,0.499662554,28.1632898,40.25598951,1520.649946,206.1798243,4.314986686,70.49913158,77.36838728,54.87624625,65.37342921,78.77785113,1151.029213,52.68991836,107.1806204,0
71.48411787,0.41567534,32.46103204,40.08806626,1512.477409,216.8115364,5.206808129,69.84868471,75.44828216,58.49133473,69.66447678,77.17625648,1230.967465,44.28604653,104.3948583,0
76.78507743,0.508182936,27.50866678,33.96489176,1560.330408,233.2274447,4.404541747,70.61121502,88.8239709,69.76529848,65.51558791,69.68573235,1248.900149,57.19977021,100.6747003,0
76.27210422,0.417311965,31.16884253,52.55778276,1451.692164,226.3867714,4.626272173,64.22918308,80.0756018,58.86736264,57.68944772,78.40430584,1230.277199,53.80596186,108.609101,0
75.34281487,0.542192075,30.05884997,39.81214678,1500.114397,228.4383951,4.726296239,69.07724279,85.85021332,70.06777147,59.81835402,76.18427217,1215.662085,56.08082888,107.2442818,0
78.80207328,0.540705229,30.5994313,34.75172251,1388.97895,224.8630999,4.024198544,61.42145841,77.76728412,51.20020559,66.91016853,81.71091323,1156.07506,51.15759386,105.3564023,0
79.91345492,0.393219708,31.0270135,39.20318884,1501.700405,234.1202688,5.165959224,72.59935509,77.60726853,57.51674474,59.99864739,80.85883366,1168.501498,55.58489714,91.96175352,0
68.59785324,0.56725737,30.4346635,37.37716493,1570.346737,229.7372623,4.793288115,77.87937905,82.04797877,67.78952716,65.16132405,72.7240044,1168.920298,42.63396685,105.2514466,0
73.38969242,0.377239218,34.64706045,34.89418771,1516.897876,227.2894119,4.714408013,66.94411424,86.04107455,65.25159776,55.83414774,71.45401343,1203.713685,45.73713706,91.34700725,0
72.62527344,0.503408347,27.30364786,42.20653576,1508.214738,214.0017798,5.268706001,69.41172534,80.19995486,61.91727507,58.3377511,75.6433898,1212.52571,63.1265279,115.2066417,0
75.34901042,0.519204912,31.9989375,40.39798931,1496.593829,212.2412518,4.395400644,69.58703712,71.35714738,57.68631676,65.68670662,76.27846968,1213.665562,45.85428257,107.3752806,0
75.23218274,0.544771693,32.2517375,38.38985923,1546.412285,216.1203503,5.143781953,69.64439855,72.34388843,53.70867685,56.47396196,82.7408757,1111.524488,39.52781237,111.3295616,0
71.99891561,0.539331784,26.55361789,40.67148249,1451.670605,207.3723022,4.908235914,69.66384846,87.81497239,61.98818751,66.95775588,75.03410973,1213.408347,48.79342548,89.23183026,0
70.25300556,0.55112026,29.7781573,36.53874835,1473.262166,218.0421473,4.0292161,70.27025831,73.43902764,57.71157719,62.09629455,73.20193288,1112.96497,49.81495953,110.1683089,0
80.8972006,0.463467845,29.74968609,49.86271088,1541.983193,205.8894317,4.548595537,70.22031284,71.6261921,60.8498727,68.58631772,72.49698544,1165.209519,51.80008233,102.9613359,1
69.08370744,0.53074067,31.69381778,42.33272656,1410.942079,213.1395024,4.685664876,70.19856911,72.33647391,64.31377296,62.88752052,74.19396637,1267.466196,46.71050756,83.47897668,0
74.27819794,0.613987856,31.65975366,51.0626552,1459.885999,213.2848779,5.149542867,65.80236221,81.26312515,60.67588121,59.10713608,73.65420938,1230.819715,51.00197392,101.8933404,0
81.18908156,0.434310572,30.20803301,37.97801288,1547.139426,223.1149086,4.283097088,76.82763231,79.62312879,63.19951479,55.65134169,74.36839518,1174.941143,55.8692101,102.4611771,0
67.37237415,0.537710039,30.25562835,42.68814951,1463.011442,213.9887345,4.080740688,75.60483512,78.00937446,48.28480449,61.7753577,76.7317871,1241.030374,66.42861857,100.8220293,0
68.60211517,0.483117828,31.38986559,42.60639953,1524.790251,210.0742199,4.8034549,69.29723257,95.20091741,54.17399,65.71714469,74.6477691,1275.210645,45.04402891,112.5876124,0
79.87772564,0.462938567,30.58076973,38.02159644,1488.149401,215.7610996,5.299049578,73.43478316,70.08472959,65.75832792,57.80195935,77.4459725,1214.196394,52.08664651,89.95295139,0
77.41236208,0.34294994,34.11854542,38.34605388,1470.754617,223.6751041,5.976458691,65.34499144,81.39982096,61.66982575,68.09430165,73.8288166,1130.285112,50.8075675,93.91760852,0
79.79635413,0.33864386,31.50534821,49.03598322,1506.766917,219.3212862,5.637214213,60.45401271,55.59295985,61.65519451,62.17325024,74.23617604,1152.356948,50.33070558,119.933835,0
78.53875968,0.504360245,29.38242171,45.00912427,1500.759147,238.8843694,4.983976253,74.45671951,76.24891005,40.38799874,71.18732296,69.22421336,1264.89701,51.50087525,95.98826828,0
75.90933128,0.54288165,33.2894077,40.35626875,1490.586933,231.6750982,5.797088978,73.31268017,77.34079926,65.74743682,60.78950655,76.66619658,1165.037797,53.60112008,90.16550237,1
71.04762772,0.511327041,32.11351962,33.13570274,1477.318181,216.7961494,3.81078417,65.98864083,72.09982903,61.81224941,62.89434883,74.05666863,1175.826093,57.19097793,118.2897476,0
74.26471309,0.466291403,31.72561505,33.28936126,1467.721396,215.0203815,5.042047194,71.50703535,83.88185796,59.06334845,64.66494979,72.07664236,1134.285745,56.32761461,110.8567191,0
68.76108409,0.35862855,33.57752254,49.70608718,1524.67801,211.8139497,5.069826845,66.71687965,78.04565153,63.36736398,67.00368627,79.09864436,1207.31074,55.63119094,96.20092033,0
74.87937456,0.631759754,32.6707425,29.56761171,1452.948865,219.5563854,5.768078386,59.32100076,96.47877606,50.79040461,60.56680415,78.2776135,1232.566548,55.74507348,90.75355982,1
79.15167908,0.417240978,27.59988431,46.19792003,1477.017161,231.8614547,4.559994009,71.98183478,73.00399191,49.70419758,66.99356401,74.07726783,1119.669863,46.47819838,90.5518551,0
76.78556286,0.46507423,31.80362025,40.70179935,1465.090016,221.3592457,5.160108289,76.21734564,91.38150331,68.02838979,58.46178709,80.19155386,1204.734069,48.14467986,118.3211961,0
74.86743062,0.521743287,29.51162128,38.58430552,1461.131426,245.3938162,4.367370795,70.81680177,60.67934841,62.70008901,74.32099763,77.89837598,1238.169654,51.63813109,95.30042127,0
76.71809145,0.647654035,29.01631585,42.12744967,1494.78286,231.218615,4.327492758,63.6422574,67.0687775,59.03329525,67.28770967,74.44028024,1250.876571,49.77144623,92.1713349,1
70.92094858,0.528119142,29.77214693,43.04123096,1491.968444,207.2641445,5.066248572,68.76637788,92.63855939,60.22284805,69.5498127,76.00312424,1218.542595,55.73901396,114.5888539,0
73.75517926,0.463504727,29.31182777,42.12921829,1562.77018,229.259751,5.651295198,64.32914427,74.01720666,61.46084414,65.06710243,74.30439448,1138.935131,46.88079876,97.38432777,0
68.84567842,0.570117274,25.5974242,38.66179455,1500.211493,213.4096073,5.477901373,76.7653458,83.4631271,63.9817001,58.51975654,74.4512953,1249.503062,49.27756079,103.469603,0
78.14172755,0.559992873,32.54730633,44.17375663,1479.910249,202.5310431,5.055564688,67.63177271,78.75078405,63.03381075,70.32712362,73.62480491,1196.420715,52.17524186,92.86287536,0
71.16101217,0.528712417,29.17802075,32.88512537,1530.986939,228.205535,5.054541485,68.64866198,89.43597776,58.23070519,63.74583164,70.18881157,1268.613946,55.13597394,104.7661351,0
83.38218656,0.374571058,25.65422576,46.55991869,1485.040911,214.669096,4.339553859,70.14898083,84.11357631,57.19455435,62.39116671,74.24073948,1213.356815,44.56081226,86.43454948,0
70.52696349,0.589503831,28.35137918,44.05399323,1479.028262,217.6933833,4.347591555,60.38614114,87.67307363,58.97533763,67.54006146,77.60871756,1211.135803,54.7796903,95.9158015,0
71.59007876,0.570830385,29.36337309,43.75549727,1528.338586,225.1879302,5.536810972,74.54011331,61.86706528,52.50682251,62.8871579,72.1590517,1084.757141,42.97070157,102.4058076,0
84.5470832,0.444881428,32.90455398,36.86343277,1432.374566,225.3320732,4.394919749,70.60922232,75.48358911,66.6135161,71.66999093,76.26092945,1149.102528,51.18271097,100.1706883,1
70.38383377,0.229676771,35.26642709,37.07036163,1555.196677,219.547457,5.447116387,70.10944411,88.81062187,57.57685718,66.62742556,76.93896049,1128.34798,48.98538022,111.6290257,0
69.24503211,0.503800348,35.40153354,40.95211945,1460.942181,209.6803372,5.535757968,71.55236377,68.58058181,57.81742568,66.22749341,75.65015893,1143.620452,54.02619929,96.57005774,0
67.68242526,0.491928342,29.77270714,46.39732466,1448.402238,216.5408067,5.369118615,61.41983376,106.3666914,60.77755802,72.9956162,76.84973806,1211.409364,53.1855952,93.71902165,0
78.05292873,0.576005596,26.87386676,34.13883123,1451.075023,240.9822147,4.867203683,83.03429582,68.35336651,61.61623594,69.03869778,73.67646993,1165.961678,49.7415103,105.068114,0
71.74678715,0.482981538,26.74454842,37.49107904,1489.296615,215.1638286,5.532688136,66.66333309,66.27590262,69.24020096,65.11250194,80.58860736,1193.074949,53.58923114,105.390415,0
82.82762015,0.610095963,34.73435417,34.10315439,1435.471929,231.8098991,4.966361268,71.56861591,69.95662174,63.44129855,59.77152515,73.16643449,1126.06632,56.60940496,83.40094437,0
70.69793317,0.551360011,32.92745016,43.39473494,1510.834156,209.4436051,4.524523308,67.84272178,86.38543317,56.00896962,70.48742486,79.67148267,1235.160913,45.57032537,102.4618394,0
75.58663692,0.410153202,39.32975567,45.30685482,1420.106393,230.8211231,5.489228903,54.7767173,87.98091049,64.68683707,58.63081337,73.35228404,1165.954559,47.32613872,93.03882949,0
77.31051737,0.514171691,26.74252461,46.77721401,1494.935964,227.8335871,5.042263492,66.48041837,83.7804626,50.66649707,67.85470497,77.3270259,1251.353515,42.7639111,105.1141526,0
70.12063374,0.434592432,28.60258329,46.26421317,1488.204174,233.9097236,4.867727051,74.05013619,86.19083169,54.62174758,53.75751733,72.22128266,1140.921671,47.89507066,100.3094809,0
75.29104359,0.522391413,28.07553927,38.13840474,1349.618383,211.535657,4.850589955,78.87745425,102.0646898,47.56271621,71.45734445,76.45152338,1157.58111,53.92987049,101.0076282,0
71.49939593,0.523924686,29.80743547,31.9421632,1570.709364,220.8198881,4.64140905,76.44601526,78.76107637,65.23477267,63.70139414,73.16492063,1071.085357,58.41331457,108.2096714,0
73.79837301,0.45353827,31.40780277,52.42594958,1460.19316,232.5514579,4.742047343,67.50063785,68.78865987,50.58508277,56.8087717,78.34158719,1076.978209,54.5376615,95.338918,0
74.83623365,0.28781451,31.79168465,41.8667428,1471.721182,220.0736268,5.432124192,66.63547334,87.96430367,58.27508419,69.74820749,79.64402466,1154.884142,57.79314009,97.10078847,0
78.48103182,0.758956364,32.70683152,37.84437215,1488.530883,229.3864002,5.100349347,64.70481439,68.74802172,61.07491409,57.36269322,77.95784515,1269.278762,53.0490626,99.68839635,0
69.8674235,0.574791026,32.23501594,41.12117372,1515.262156,221.6129954,4.684576799,75.85550986,83.92768363,61.13465972,58.19162485,75.92716331,1220.262001,51.61816236,77.73238475,0
83.97938837,0.325146803,32.04407853,38.92195211,1432.472202,202.0607889,5.128375399,66.78611809,63.42856415,54.63404863,63.35839529,79.91136537,1127.27193,50.5563426,97.7330673,0
72.34565614,0.661558282,23.63789954,40.87768115,1568.695719,233.9245594,4.97786334,68.80623699,76.28742629,58.78708482,61.35604902,73.99985983,1093.344039,45.5969677,109.9646262,0
76.68801331,0.477352111,27.3951218,30.79961128,1496.030579,219.3642646,4.859748973,74.27600754,89.4293862,57.84786151,70.04792984,76.29042892,1178.263252,42.46958545,94.9230723,0
75.48497982,0.505664992,31.31850369,40.9806573,1499.006318,222.2328091,5.616703038,73.17664598,59.89783345,57.75545806,66.26001881,76.14156092,1231.138456,46.27878317,88.8060912,0
70.30060107,0.558636402,29.2967766,35.9751676,1504.994348,237.6816929,4.769366475,67.58033278,102.0960558,57.23653523,59.74529417,77.47667122,1140.331059,45.43597757,91.27238929,0
71.74199826,0.757970934,32.67779201,49.55709544,1525.224163,217.4305487,3.756088971,73.63397023,74.2101578,59.33697961,59.47987183,74.56800007,1196.376114,57.6756087,103.0570119,1
68.32327821,0.491689443,28.05070432,38.36651893,1514.578184,213.1550827,5.004394221,75.07610446,89.55935822,65.35737965,56.84466187,73.16518456,1131.806603,46.28150042,94.77218783,1
74.91788552,0.331656181,30.87657818,32.3364972,1465.930988,211.8259187,4.849587022,67.08969333,85.66540987,54.45272222,58.30638147,75.8975993,1241.382875,51.50895965,98.93867992,0
68.74230288,0.40942677,31.40001295,50.92048367,1539.495986,212.8342651,4.267512627,68.648143,70.61532894,55.55077615,69.21895013,73.79306993,1305.8865,58.903193,107.0049706,0
65.55229635,0.461148155,30.31726137,40.95788698,1431.308259,213.6141417,5.01221592,71.60465031,70.8654142,57.29113382,66.24152738,70.87455182,1239.534311,48.3459474,96.65793002,0
75.64610591,0.819310757,32.00502147,43.67318773,1484.517514,194.464504,4.999142923,64.59998696,70.21976976,62.03423818,66.47209489,75.09476702,1224.449477,50.68062317,114.7674367,0
